id,seller_id,category_id,title,slug,description,short_description,price,compare_price,sku,inventory_count,weight,dimensions,images,is_active,is_featured,has_variants,approval_status,rejection_reason,approved_at,approved_by,rating,review_count,view_count,created_at,updated_at
2,1,1,Smartphone 128GB,smartphone-128gb,"Latest smartphone with 128GB storage, dual camera, and fast charging.",Latest smartphone with 128GB storage,706.95,799.99,SP-128-001,19,\N,\N,"[""/uploads/products/product_2.png""]",true,true,true,approved,\N,\N,\N,0.0,0,3481,2025-09-17T08:45:34,2026-04-23T08:15:50
5,1,2,Denim Jeans,denim-jeans,Classic denim jeans with perfect fit and premium quality fabric.,Classic denim jeans with perfect fit,70.6,99.99,DJ-001,75,\N,\N,"[""/uploads/products/product_5.png""]",true,false,false,approved,\N,\N,\N,0.0,0,\N,2025-09-17T08:45:34,2025-11-07T20:09:08
6,1,2,Winter Jacket,winter-jacket,Warm and stylish winter jacket perfect for cold weather.,Warm and stylish winter jacket,69.88,\N,WJ-001,30,\N,\N,"[""/uploads/products/product_6.png""]",true,false,false,approved,\N,\N,\N,0.0,0,\N,2025-09-17T08:45:34,2025-11-07T20:09:08
7,2,3,The Great Gatsby,the-great-gatsby,Classic American novel by F. Scott Fitzgerald. A timeless story of love and tragedy.,Classic American novel by F. Scott Fitzgerald,454.44,\N,TGG-001,200,\N,\N,"[""/uploads/products/product_7.png""]",true,false,false,approved,\N,\N,\N,0.0,0,\N,2025-09-17T08:45:34,2025-11-07T20:09:08
8,2,3,Python Programming Guide,python-programming-guide,Comprehensive guide to Python programming for beginners and advanced users.,Comprehensive Python programming guide,261.95,\N,PPG-001,79,\N,\N,"[""/uploads/products/product_8.png""]",true,true,false,approved,\N,\N,\N,0.0,0,\N,2025-09-17T08:45:34,2025-11-12T12:47:17
11,1,1,Laptop Computer Elite 1,laptop-computer-elite-1-2,Powerful laptop for work and gaming,\N,432.35,\N,SKU-000002,100,\N,\N,"[""/uploads/products/product_11.png""]",true,false,false,approved,\N,\N,\N,0.0,0,\N,2025-09-17T13:52:38,2025-11-07T20:09:08
14,1,3,Coffee Maker Elite 1,coffee-maker-elite-1-5,Automatic coffee maker with timer,\N,451.82,\N,SKU-000005,45,\N,\N,"[""/uploads/products/product_14.png""]",true,false,false,approved,\N,\N,\N,0.0,0,\N,2025-09-17T13:52:38,2025-11-07T20:09:08
15,1,1,Desk Chair Plus 1,desk-chair-plus-1-6,Ergonomic office chair,\N,370.06,\N,SKU-000006,35,\N,\N,"[""/uploads/products/product_15.png""]",true,false,false,approved,\N,\N,\N,0.0,0,\N,2025-09-17T13:52:38,2025-11-07T20:09:08
16,1,4,Bluetooth Speaker Pro 1,bluetooth-speaker-pro-1-7,Portable wireless speaker,\N,399.78,\N,SKU-000007,12,\N,\N,"[""/uploads/products/product_16.png""]",true,false,false,approved,\N,\N,\N,0.0,0,\N,2025-09-17T13:52:38,2025-11-07T20:09:08
17,1,5,Wireless Headphones Elite 2,wireless-headphones-elite-2-8,High-quality wireless headphones,\N,258.53,\N,SKU-000008,44,\N,\N,"[""/uploads/products/product_17.png""]",true,false,false,approved,\N,\N,\N,0.0,0,\N,2025-09-17T13:52:38,2025-11-07T20:09:08
18,1,2,Smart Watch Plus 2,smart-watch-plus-2-9,Advanced fitness tracking smartwatch,\N,216.22,\N,SKU-000009,61,\N,\N,"[""/uploads/products/product_18.png""]",true,false,false,approved,\N,\N,\N,0.0,0,\N,2025-09-17T13:52:38,2025-11-07T20:09:08
19,1,6,Laptop Computer Elite 2,laptop-computer-elite-2-10,Powerful laptop for work and gaming,\N,173.4,\N,SKU-000010,74,\N,\N,"[""/uploads/products/product_19.png""]",true,false,false,approved,\N,\N,\N,0.0,0,\N,2025-09-17T13:52:38,2025-11-07T20:09:08
20,1,3,Smartphone Pro 2,smartphone-pro-2-11,Latest smartphone with advanced features,\N,340.5,\N,SKU-000011,67,\N,\N,"[""/uploads/products/product_20.png""]",true,false,false,approved,\N,\N,\N,0.0,0,\N,2025-09-17T13:52:38,2025-11-07T20:09:08
22,1,4,Coffee Maker Premium 2,coffee-maker-premium-2-13,Automatic coffee maker with timer,\N,144.49,\N,SKU-000013,49,\N,\N,"[""/uploads/products/product_22.png""]",true,false,false,approved,\N,\N,\N,0.0,0,\N,2025-09-17T13:52:38,2025-11-07T20:09:08
23,1,2,Desk Chair Plus 2,desk-chair-plus-2-14,Ergonomic office chair,\N,405.9,\N,SKU-000014,87,\N,\N,"[""/uploads/products/product_23.png""]",true,false,false,approved,\N,\N,\N,0.0,0,\N,2025-09-17T13:52:38,2025-11-07T20:09:08
24,1,2,Bluetooth Speaker Max 2,bluetooth-speaker-max-2-15,Portable wireless speaker,\N,469.83,\N,SKU-000015,29,\N,\N,"[""/uploads/products/product_24.png""]",true,false,false,approved,\N,\N,\N,0.0,0,\N,2025-09-17T13:52:38,2025-11-07T20:09:08
25,1,3,Wireless Headphones Pro 3,wireless-headphones-pro-3-16,High-quality wireless headphones,\N,98.75,\N,SKU-000016,71,\N,\N,"[""/uploads/products/product_25.png""]",true,false,false,approved,\N,\N,\N,0.0,0,\N,2025-09-17T13:52:38,2025-11-07T20:09:08
26,1,5,Smart Watch Premium 3,smart-watch-premium-3-17,Advanced fitness tracking smartwatch,\N,453.34,\N,SKU-000017,96,\N,\N,"[""/uploads/products/product_26.png""]",true,false,false,approved,\N,\N,\N,0.0,0,\N,2025-09-17T13:52:38,2025-11-07T20:09:08
28,1,4,Smartphone Plus 3,smartphone-plus-3-19,Latest smartphone with advanced features,\N,427.09,\N,SKU-000019,17,\N,\N,"[""/uploads/products/product_28.png""]",true,false,false,approved,\N,\N,\N,0.0,0,\N,2025-09-17T13:52:38,2025-11-07T20:09:08
29,1,6,Running Shoes Plus 3,running-shoes-plus-3-20,Comfortable running shoes for athletes,\N,263.24,\N,SKU-000020,47,\N,\N,"[""/uploads/products/product_29.png""]",true,false,false,approved,\N,\N,\N,0.0,0,\N,2025-09-17T13:52:38,2025-11-07T20:09:08
30,1,3,Coffee Maker Pro 3,coffee-maker-pro-3-21,Automatic coffee maker with timer,\N,50.59,\N,SKU-000021,48,\N,\N,"[""/uploads/products/product_30.png""]",true,false,false,approved,\N,\N,\N,0.0,0,\N,2025-09-17T13:52:38,2025-11-07T20:09:08
32,1,1,Bluetooth Speaker Plus 3,bluetooth-speaker-plus-3-23,Portable wireless speaker,\N,231.98,\N,SKU-000023,28,\N,\N,"[""/uploads/products/product_32.png""]",true,false,false,approved,\N,\N,\N,0.0,0,\N,2025-09-17T13:52:38,2025-11-07T20:09:08
33,1,2,Wireless Headphones Pro 4,wireless-headphones-pro-4-24,High-quality wireless headphones,\N,198.52,\N,SKU-000024,28,\N,\N,"[""/uploads/products/product_33.png""]",true,false,false,approved,\N,\N,\N,0.0,0,\N,2025-09-17T13:52:38,2025-11-07T20:09:08
64,1,4,Bluetooth Speaker Max 7,bluetooth-speaker-max-7-55,Portable wireless speaker,\N,349.82,\N,SKU-000055,45,\N,\N,"[""/uploads/products/product_64.png""]",true,false,false,approved,\N,\N,\N,0.0,0,\N,2025-09-17T13:52:38,2025-11-07T20:11:14
65,1,4,Wireless Headphones Premium 8,wireless-headphones-premium-8-56,High-quality wireless headphones,\N,182.0,\N,SKU-000056,96,\N,\N,"[""/uploads/products/product_65.png""]",true,false,false,approved,\N,\N,\N,0.0,0,\N,2025-09-17T13:52:38,2025-11-07T20:11:14
66,1,4,Smart Watch Premium 8,smart-watch-premium-8-57,Advanced fitness tracking smartwatch,\N,73.19,\N,SKU-000057,85,\N,\N,"[""/uploads/products/product_66.png""]",true,false,false,approved,\N,\N,\N,0.0,0,\N,2025-09-17T13:52:38,2025-11-07T20:11:14
67,1,6,Laptop Computer Pro 8,laptop-computer-pro-8-58,Powerful laptop for work and gaming,\N,76.92,\N,SKU-000058,30,\N,\N,"[""/uploads/products/product_67.png""]",true,false,false,approved,\N,\N,\N,0.0,0,\N,2025-09-17T13:52:38,2025-11-07T20:11:14
68,1,2,Smartphone Pro 8,smartphone-pro-8-59,Latest smartphone with advanced features,\N,18.83,\N,SKU-000059,20,\N,\N,"[""/uploads/products/product_68.png""]",true,false,false,approved,\N,\N,\N,0.0,0,\N,2025-09-17T13:52:38,2025-11-07T20:11:14
69,1,4,Running Shoes Pro 8,running-shoes-pro-8-60,Comfortable running shoes for athletes,\N,244.39,\N,SKU-000060,79,\N,\N,"[""/uploads/products/product_69.png""]",true,false,false,approved,\N,\N,\N,0.0,0,\N,2025-09-17T13:52:38,2025-11-07T20:11:14
70,1,5,Coffee Maker Elite 8,coffee-maker-elite-8-61,Automatic coffee maker with timer,\N,48.47,\N,SKU-000061,98,\N,\N,"[""/uploads/products/product_70.png""]",true,false,false,approved,\N,\N,\N,0.0,0,\N,2025-09-17T13:52:38,2025-11-07T20:11:14
71,1,2,Desk Chair Elite 8,desk-chair-elite-8-62,Ergonomic office chair,\N,285.02,\N,SKU-000062,80,\N,\N,"[""/uploads/products/product_71.png""]",true,false,false,approved,\N,\N,\N,0.0,0,\N,2025-09-17T13:52:38,2025-11-07T20:11:14
72,1,4,Bluetooth Speaker Premium 8,bluetooth-speaker-premium-8-63,Portable wireless speaker,\N,301.22,\N,SKU-000063,98,\N,\N,"[""/uploads/products/product_72.png""]",true,false,false,approved,\N,\N,\N,0.0,0,\N,2025-09-17T13:52:38,2025-11-07T20:11:14
73,1,6,Wireless Headphones Elite 9,wireless-headphones-elite-9-64,High-quality wireless headphones,\N,38.49,\N,SKU-000064,66,\N,\N,"[""/uploads/products/product_73.png""]",true,false,false,approved,\N,\N,\N,0.0,0,\N,2025-09-17T13:52:38,2025-11-07T20:11:14
74,1,6,Smart Watch Pro 9,smart-watch-pro-9-65,Advanced fitness tracking smartwatch,\N,299.93,\N,SKU-000065,55,\N,\N,"[""/uploads/products/product_74.png""]",true,false,false,approved,\N,\N,\N,0.0,0,\N,2025-09-17T13:52:38,2025-11-07T20:11:14
75,1,3,Laptop Computer Plus 9,laptop-computer-plus-9-66,Powerful laptop for work and gaming,\N,414.51,\N,SKU-000066,78,\N,\N,"[""/uploads/products/product_75.png""]",true,false,false,approved,\N,\N,\N,0.0,0,\N,2025-09-17T13:52:38,2025-11-07T20:11:14
76,1,5,Smartphone Pro 9,smartphone-pro-9-67,Latest smartphone with advanced features,\N,24.01,\N,SKU-000067,57,\N,\N,"[""/uploads/products/product_76.png""]",true,false,false,approved,\N,\N,\N,0.0,0,\N,2025-09-17T13:52:38,2025-11-07T20:11:14
77,1,3,Running Shoes Plus 9,running-shoes-plus-9-68,Comfortable running shoes for athletes,\N,13.77,\N,SKU-000068,48,\N,\N,"[""/uploads/products/product_77.png""]",true,false,false,approved,\N,\N,\N,0.0,0,\N,2025-09-17T13:52:38,2025-11-07T20:11:14
78,1,4,Coffee Maker Plus 9,coffee-maker-plus-9-69,Automatic coffee maker with timer,\N,353.93,\N,SKU-000069,63,\N,\N,"[""/uploads/products/product_78.png""]",true,false,false,approved,\N,\N,\N,0.0,0,\N,2025-09-17T13:52:38,2025-11-07T20:11:14
79,1,6,Desk Chair Premium 9,desk-chair-premium-9-70,Ergonomic office chair,\N,246.25,\N,SKU-000070,99,\N,\N,"[""/uploads/products/product_79.png""]",true,false,false,approved,\N,\N,\N,0.0,0,\N,2025-09-17T13:52:38,2025-11-07T20:11:14
80,1,2,Bluetooth Speaker Plus 9,bluetooth-speaker-plus-9-71,Portable wireless speaker,\N,249.47,\N,SKU-000071,12,\N,\N,"[""/uploads/products/product_80.png""]",true,false,false,approved,\N,\N,\N,0.0,0,\N,2025-09-17T13:52:38,2025-11-07T20:11:14
81,1,5,Wireless Headphones Premium 10,wireless-headphones-premium-10-72,High-quality wireless headphones,\N,374.35,\N,SKU-000072,38,\N,\N,"[""/uploads/products/product_81.png""]",true,false,false,approved,\N,\N,\N,0.0,0,\N,2025-09-17T13:52:38,2025-11-07T20:11:14
82,1,2,Smart Watch Premium 10,smart-watch-premium-10-73,Advanced fitness tracking smartwatch,\N,34.55,\N,SKU-000073,13,\N,\N,"[""/uploads/products/product_82.png""]",true,false,false,approved,\N,\N,\N,0.0,0,\N,2025-09-17T13:52:38,2025-11-07T20:11:14
83,1,5,Laptop Computer Pro 10,laptop-computer-pro-10-74,Powerful laptop for work and gaming,\N,22.4,\N,SKU-000074,33,\N,\N,"[""/uploads/products/product_83.png""]",true,false,false,approved,\N,\N,\N,0.0,0,\N,2025-09-17T13:52:38,2025-11-07T20:11:14
84,1,2,Smartphone Max 10,smartphone-max-10-75,Latest smartphone with advanced features,\N,238.43,\N,SKU-000075,33,\N,\N,"[""/uploads/products/product_84.png""]",true,false,false,approved,\N,\N,\N,0.0,0,\N,2025-09-17T13:52:38,2025-11-07T20:11:14
85,1,5,Running Shoes Max 10,running-shoes-max-10-76,Comfortable running shoes for athletes,\N,479.11,\N,SKU-000076,88,\N,\N,"[""/uploads/products/product_85.png""]",true,false,false,approved,\N,\N,\N,0.0,0,\N,2025-09-17T13:52:38,2025-11-07T20:11:14
86,1,1,Coffee Maker Max 10,coffee-maker-max-10-77,Automatic coffee maker with timer,\N,72.56,\N,SKU-000077,50,\N,\N,"[""/uploads/products/product_86.png""]",true,false,false,approved,\N,\N,\N,0.0,0,\N,2025-09-17T13:52:38,2025-11-07T20:11:14
87,1,3,Desk Chair Max 10,desk-chair-max-10-78,Ergonomic office chair,\N,345.85,\N,SKU-000078,78,\N,\N,"[""/uploads/products/product_87.png""]",true,false,false,approved,\N,\N,\N,0.0,0,\N,2025-09-17T13:52:38,2025-11-07T20:11:14
88,1,3,Bluetooth Speaker Premium 10,bluetooth-speaker-premium-10-79,Portable wireless speaker,\N,281.71,\N,SKU-000079,17,\N,\N,"[""/uploads/products/product_88.png""]",true,false,false,approved,\N,\N,\N,0.0,0,\N,2025-09-17T13:52:38,2025-11-07T20:11:14
89,1,2,Wireless Headphones Elite 11,wireless-headphones-elite-11-80,High-quality wireless headphones,\N,224.45,\N,SKU-000080,35,\N,\N,"[""/uploads/products/product_89.png""]",true,false,false,approved,\N,\N,\N,0.0,0,\N,2025-09-17T13:52:38,2025-11-07T20:11:14
90,1,5,Smart Watch Elite 11,smart-watch-elite-11-81,Advanced fitness tracking smartwatch,\N,41.6,\N,SKU-000081,62,\N,\N,"[""/uploads/products/product_90.png""]",true,false,false,approved,\N,\N,\N,0.0,0,\N,2025-09-17T13:52:38,2025-11-07T20:11:14
91,1,5,Laptop Computer Plus 11,laptop-computer-plus-11-82,Powerful laptop for work and gaming,\N,239.48,\N,SKU-000082,45,\N,\N,"[""/uploads/products/product_91.png""]",true,false,false,approved,\N,\N,\N,0.0,0,\N,2025-09-17T13:52:38,2025-11-07T20:11:14
92,1,6,Smartphone Plus 11,smartphone-plus-11-83,Latest smartphone with advanced features,\N,279.74,\N,SKU-000083,51,\N,\N,"[""/uploads/products/product_92.png""]",true,false,false,approved,\N,\N,\N,0.0,0,\N,2025-09-17T13:52:38,2025-11-07T20:11:14
93,1,6,Running Shoes Pro 11,running-shoes-pro-11-84,Comfortable running shoes for athletes,\N,83.99,\N,SKU-000084,31,\N,\N,"[""/uploads/products/product_93.png""]",true,false,false,approved,\N,\N,\N,0.0,0,\N,2025-09-17T13:52:38,2025-11-07T20:11:14
94,1,1,Coffee Maker Pro 11,coffee-maker-pro-11-85,Automatic coffee maker with timer,\N,52.64,\N,SKU-000085,14,\N,\N,"[""/uploads/products/product_94.png""]",true,false,false,approved,\N,\N,\N,0.0,0,\N,2025-09-17T13:52:38,2025-11-07T20:11:14
95,1,4,Desk Chair Premium 11,desk-chair-premium-11-86,Ergonomic office chair,\N,488.45,\N,SKU-000086,26,\N,\N,"[""/uploads/products/product_95.png""]",true,false,false,approved,\N,\N,\N,0.0,0,\N,2025-09-17T13:52:38,2025-11-07T20:11:14
96,1,6,Bluetooth Speaker Plus 11,bluetooth-speaker-plus-11-87,Portable wireless speaker,\N,196.37,\N,SKU-000087,81,\N,\N,"[""/uploads/products/product_96.png""]",true,false,false,approved,\N,\N,\N,0.0,0,\N,2025-09-17T13:52:38,2025-11-07T20:11:14
97,1,1,Wireless Headphones Plus 12,wireless-headphones-plus-12-88,High-quality wireless headphones,\N,418.39,\N,SKU-000088,84,\N,\N,"[""/uploads/products/product_97.png""]",true,false,false,approved,\N,\N,\N,0.0,0,\N,2025-09-17T13:52:38,2025-11-07T20:11:14
98,1,6,Smart Watch Plus 12,smart-watch-plus-12-89,Advanced fitness tracking smartwatch,\N,352.75,\N,SKU-000089,15,\N,\N,"[""/uploads/products/product_98.png""]",true,false,false,approved,\N,\N,\N,0.0,0,\N,2025-09-17T13:52:38,2025-11-07T20:11:14
99,1,5,Laptop Computer Max 12,laptop-computer-max-12-90,Powerful laptop for work and gaming,\N,415.78,\N,SKU-000090,65,\N,\N,"[""/uploads/products/product_99.png""]",true,false,false,approved,\N,\N,\N,0.0,0,\N,2025-09-17T13:52:38,2025-11-07T20:11:14
100,1,1,Smartphone Max 12,smartphone-max-12-91,Latest smartphone with advanced features,\N,489.88,\N,SKU-000091,63,\N,\N,"[""/uploads/products/product_100.png""]",true,false,false,approved,\N,\N,\N,0.0,0,\N,2025-09-17T13:52:38,2025-11-07T20:11:14
101,1,2,Running Shoes Pro 12,running-shoes-pro-12-92,Comfortable running shoes for athletes,\N,350.11,\N,SKU-000092,33,\N,\N,"[""/uploads/products/product_101.png""]",true,false,false,approved,\N,\N,\N,0.0,0,\N,2025-09-17T13:52:38,2025-11-07T20:11:14
102,1,5,Coffee Maker Pro 12,coffee-maker-pro-12-93,Automatic coffee maker with timer,\N,210.03,\N,SKU-000093,84,\N,\N,"[""/uploads/products/product_102.png""]",true,false,false,approved,\N,\N,\N,0.0,0,\N,2025-09-17T13:52:38,2025-11-07T20:11:14
103,1,1,Desk Chair Max 12,desk-chair-max-12-94,Ergonomic office chair,\N,368.65,\N,SKU-000094,45,\N,\N,"[""/uploads/products/product_103.png""]",true,false,false,approved,\N,\N,\N,0.0,0,\N,2025-09-17T13:52:38,2025-11-07T20:11:14
104,1,5,Bluetooth Speaker Max 12,bluetooth-speaker-max-12-95,Portable wireless speaker,\N,343.29,\N,SKU-000095,85,\N,\N,"[""/uploads/products/product_104.png""]",true,false,false,approved,\N,\N,\N,0.0,0,\N,2025-09-17T13:52:38,2025-11-07T20:11:14
105,1,6,Wireless Headphones Max 13,wireless-headphones-max-13-96,High-quality wireless headphones,\N,228.15,\N,SKU-000096,15,\N,\N,"[""/uploads/products/product_105.png""]",true,false,false,approved,\N,\N,\N,0.0,0,\N,2025-09-17T13:52:38,2025-11-07T20:11:14
106,1,1,Smart Watch Pro 13,smart-watch-pro-13-97,Advanced fitness tracking smartwatch,\N,258.94,\N,SKU-000097,78,\N,\N,"[""/uploads/products/product_106.png""]",true,false,false,approved,\N,\N,\N,0.0,0,\N,2025-09-17T13:52:38,2025-11-07T20:11:14
107,1,4,Laptop Computer Pro 13,laptop-computer-pro-13-98,Powerful laptop for work and gaming,\N,377.2,\N,SKU-000098,100,\N,\N,"[""/uploads/products/product_107.png""]",true,false,false,approved,\N,\N,\N,0.0,0,\N,2025-09-17T13:52:38,2025-11-07T20:11:14
108,1,2,Smartphone Elite 13,smartphone-elite-13-99,Latest smartphone with advanced features,\N,89.42,\N,SKU-000099,28,\N,\N,"[""/uploads/products/product_108.png""]",true,false,false,approved,\N,\N,\N,0.0,0,\N,2025-09-17T13:52:38,2025-11-07T20:11:14
109,2,1,Wireless Bluetooth Headphones Edition,wireless-bluetooth-headphones-edition-0,High-quality wireless headphones with noise cancellation and 30-hour battery life.,High-quality wireless headphones with noise cancellation and 30-hour battery life.,114.75,143.904,SKU-000000-7257,77,0.5988932626907445,\N,"[""/uploads/products/product_109.png""]",true,false,false,approved,\N,\N,\N,3.7,39,\N,2025-09-17T14:11:40,2025-11-07T20:11:14
110,2,1,Wireless Bluetooth Headphones Edition,wireless-bluetooth-headphones-edition-1,High-quality wireless headphones with noise cancellation and 30-hour battery life.,High-quality wireless headphones with noise cancellation and 30-hour battery life.,100.46,126.588,SKU-000001-3405,93,0.3384354829399386,\N,"[""/uploads/products/product_110.png""]",true,false,false,approved,\N,\N,\N,4.0,9,\N,2025-09-17T14:11:40,2025-11-07T20:11:14
111,1,1,Wireless Bluetooth Headphones,wireless-bluetooth-headphones-2,High-quality wireless headphones with noise cancellation and 30-hour battery life.,High-quality wireless headphones with noise cancellation and 30-hour battery life.,64.84,86.16,SKU-000002-6331,5,3.126536837079003,\N,"[""/uploads/products/product_111.png""]",true,false,false,approved,\N,\N,\N,4.0,46,\N,2025-09-17T14:11:40,2025-11-07T20:11:14
112,3,1,Wireless Bluetooth Headphones - Blue,wireless-bluetooth-headphones---blue-3,High-quality wireless headphones with noise cancellation and 30-hour battery life.,High-quality wireless headphones with noise cancellation and 30-hour battery life.,101.49,142.74,SKU-000003-5303,74,0.8111017871101688,\N,"[""/uploads/products/product_112.png""]",true,false,false,approved,\N,\N,\N,4.5,32,\N,2025-09-17T14:11:40,2025-11-07T20:11:14
113,3,1,Wireless Bluetooth Headphones Max,wireless-bluetooth-headphones-max-4,High-quality wireless headphones with noise cancellation and 30-hour battery life.,High-quality wireless headphones with noise cancellation and 30-hour battery life.,79.34,112.092,SKU-000004-1814,97,3.6994363657301315,\N,"[""/uploads/products/product_113.png""]",true,false,false,approved,\N,\N,\N,4.9,21,\N,2025-09-17T14:11:40,2025-11-07T20:11:14
114,2,1,Wireless Bluetooth Headphones,wireless-bluetooth-headphones-5,High-quality wireless headphones with noise cancellation and 30-hour battery life.,High-quality wireless headphones with noise cancellation and 30-hour battery life.,64.16,84.85199999999999,SKU-000005-7657,86,4.964733013870167,\N,"[""/uploads/products/product_114.png""]",true,false,false,approved,\N,\N,\N,4.9,38,\N,2025-09-17T14:11:40,2025-11-07T20:11:14
115,2,1,Wireless Bluetooth Headphones,wireless-bluetooth-headphones-6,High-quality wireless headphones with noise cancellation and 30-hour battery life.,High-quality wireless headphones with noise cancellation and 30-hour battery life.,67.77,93.744,SKU-000006-8247,7,3.185132637440239,\N,"[""/uploads/products/product_115.png""]",true,true,false,approved,\N,\N,\N,3.5,14,\N,2025-09-17T14:11:40,2025-11-07T20:11:14
116,3,1,Wireless Bluetooth Headphones,wireless-bluetooth-headphones-7,High-quality wireless headphones with noise cancellation and 30-hour battery life.,High-quality wireless headphones with noise cancellation and 30-hour battery life.,91.31,119.44800000000001,SKU-000007-1190,38,1.6949797465738952,\N,"[""/uploads/products/product_116.png""]",true,false,false,approved,\N,\N,\N,3.9,24,\N,2025-09-17T14:11:40,2025-11-07T20:11:14
117,3,1,Elite Wireless Bluetooth Headphones,elite-wireless-bluetooth-headphones-8,High-quality wireless headphones with noise cancellation and 30-hour battery life.,High-quality wireless headphones with noise cancellation and 30-hour battery life.,91.46,115.19999999999999,SKU-000008-7957,13,2.8683129707746406,\N,"[""/uploads/products/product_117.png""]",true,true,false,approved,\N,\N,\N,4.2,42,681,2025-09-17T14:11:40,2025-11-07T20:11:14
118,3,1,Wireless Bluetooth Headphones Series,wireless-bluetooth-headphones-series-9,High-quality wireless headphones with noise cancellation and 30-hour battery life.,High-quality wireless headphones with noise cancellation and 30-hour battery life.,83.87,113.84400000000001,SKU-000009-4984,97,2.078128224098926,\N,"[""/uploads/products/product_118.png""]",true,false,false,approved,\N,\N,\N,4.2,50,\N,2025-09-17T14:11:40,2025-11-07T20:11:14
119,3,1,Wireless Bluetooth Headphones - White,wireless-bluetooth-headphones---white-10,High-quality wireless headphones with noise cancellation and 30-hour battery life.,High-quality wireless headphones with noise cancellation and 30-hour battery life.,78.34,89.748,SKU-000010-7779,58,3.504507153584747,\N,"[""/uploads/products/product_119.png""]",true,true,false,approved,\N,\N,\N,4.5,3,\N,2025-09-17T14:11:40,2025-11-07T20:11:14
120,3,1,Wireless Bluetooth Headphones - Red,wireless-bluetooth-headphones---red-11,High-quality wireless headphones with noise cancellation and 30-hour battery life.,High-quality wireless headphones with noise cancellation and 30-hour battery life.,94.42,132.98399999999998,SKU-000011-3855,21,4.149111118905204,\N,"[""/uploads/products/product_120.png""]",true,false,false,approved,\N,\N,\N,4.9,16,\N,2025-09-17T14:11:40,2025-11-07T20:11:14
121,1,1,Smart Fitness Watch Plus,smart-fitness-watch-plus-12,"Advanced fitness tracking with heart rate monitor, GPS, and smartphone connectivity.","Advanced fitness tracking with heart rate monitor, GPS, and smartphone connectivity.",304.11,342.61199999999997,SKU-000012-4791,94,2.6514382512434618,\N,"[""/uploads/products/product_121.png""]",true,false,false,approved,\N,\N,\N,3.6,25,\N,2025-09-17T14:11:40,2025-11-07T20:11:14
122,2,1,Elite Smart Fitness Watch,elite-smart-fitness-watch-13,"Advanced fitness tracking with heart rate monitor, GPS, and smartphone connectivity.","Advanced fitness tracking with heart rate monitor, GPS, and smartphone connectivity.",157.55,211.392,SKU-000013-8897,92,3.076855351796735,\N,"[""/uploads/products/product_122.png""]",true,false,false,approved,\N,\N,\N,4.9,21,\N,2025-09-17T14:11:40,2025-11-07T20:11:14
123,3,1,Smart Fitness Watch,smart-fitness-watch-14,"Advanced fitness tracking with heart rate monitor, GPS, and smartphone connectivity.","Advanced fitness tracking with heart rate monitor, GPS, and smartphone connectivity.",245.27,308.424,SKU-000014-5812,66,3.9096395079789614,\N,"[""/uploads/products/product_123.png""]",true,false,false,approved,\N,\N,\N,4.7,42,\N,2025-09-17T14:11:40,2025-11-07T20:11:14
124,1,1,Smart Fitness Watch,smart-fitness-watch-15,"Advanced fitness tracking with heart rate monitor, GPS, and smartphone connectivity.","Advanced fitness tracking with heart rate monitor, GPS, and smartphone connectivity.",284.53,316.66799999999995,SKU-000015-3693,29,0.8966008069733904,\N,"[""/uploads/products/product_124.png""]",true,true,false,approved,\N,\N,\N,3.5,3,\N,2025-09-17T14:11:40,2025-11-07T20:11:14
125,1,1,Smart Fitness Watch,smart-fitness-watch-16,"Advanced fitness tracking with heart rate monitor, GPS, and smartphone connectivity.","Advanced fitness tracking with heart rate monitor, GPS, and smartphone connectivity.",214.9,280.476,SKU-000016-7635,77,1.4443482410895387,\N,"[""/uploads/products/product_125.png""]",true,false,false,approved,\N,\N,\N,4.1,15,\N,2025-09-17T14:11:40,2025-11-07T20:11:14
126,2,1,Smart Fitness Watch - Silver,smart-fitness-watch---silver-17,"Advanced fitness tracking with heart rate monitor, GPS, and smartphone connectivity.","Advanced fitness tracking with heart rate monitor, GPS, and smartphone connectivity.",207.17,276.23999999999995,SKU-000017-3389,65,1.6149826692859692,\N,"[""/uploads/products/product_126.png""]",true,false,false,approved,\N,\N,\N,4.7,8,\N,2025-09-17T14:11:40,2025-11-07T20:11:14
127,3,1,Premium Smart Fitness Watch,premium-smart-fitness-watch-18,"Advanced fitness tracking with heart rate monitor, GPS, and smartphone connectivity.","Advanced fitness tracking with heart rate monitor, GPS, and smartphone connectivity.",221.2,293.09999999999997,SKU-000018-4762,10,0.967074572098367,\N,"[""/uploads/products/product_127.png""]",true,false,false,approved,\N,\N,\N,4.7,12,\N,2025-09-17T14:11:40,2025-11-07T20:11:14
128,3,1,Smart Fitness Watch Series,smart-fitness-watch-series-19,"Advanced fitness tracking with heart rate monitor, GPS, and smartphone connectivity.","Advanced fitness tracking with heart rate monitor, GPS, and smartphone connectivity.",228.95,280.96799999999996,SKU-000019-7064,57,3.5622533702989165,\N,"[""/uploads/products/product_128.png""]",true,false,false,approved,\N,\N,\N,4.5,2,\N,2025-09-17T14:11:40,2025-11-07T20:11:14
129,3,1,Smart Fitness Watch - Black,smart-fitness-watch---black-20,"Advanced fitness tracking with heart rate monitor, GPS, and smartphone connectivity.","Advanced fitness tracking with heart rate monitor, GPS, and smartphone connectivity.",186.49,243.86399999999998,SKU-000020-1724,18,0.9934360048074458,\N,"[""/uploads/products/product_129.png""]",true,true,false,approved,\N,\N,\N,4.4,20,\N,2025-09-17T14:11:40,2025-11-07T20:11:14
130,1,1,Deluxe Smart Fitness Watch,deluxe-smart-fitness-watch-21,"Advanced fitness tracking with heart rate monitor, GPS, and smartphone connectivity.","Advanced fitness tracking with heart rate monitor, GPS, and smartphone connectivity.",167.49,236.988,SKU-000021-1518,44,2.4524732784159697,\N,"[""/uploads/products/product_130.png""]",true,false,false,approved,\N,\N,\N,3.9,31,\N,2025-09-17T14:11:40,2025-11-07T20:11:14
131,2,1,Smart Fitness Watch V2,smart-fitness-watch-v2-22,"Advanced fitness tracking with heart rate monitor, GPS, and smartphone connectivity.","Advanced fitness tracking with heart rate monitor, GPS, and smartphone connectivity.",210.54,268.764,SKU-000022-9258,13,3.8592979228431195,\N,"[""/uploads/products/product_131.png""]",true,true,false,approved,\N,\N,\N,4.7,8,\N,2025-09-17T14:11:40,2025-11-07T20:11:14
132,2,1,Deluxe Smart Fitness Watch,deluxe-smart-fitness-watch-23,"Advanced fitness tracking with heart rate monitor, GPS, and smartphone connectivity.","Advanced fitness tracking with heart rate monitor, GPS, and smartphone connectivity.",168.18,207.288,SKU-000023-6282,96,2.8383962029464933,\N,"[""/uploads/products/product_132.png""]",true,false,false,approved,\N,\N,\N,4.5,32,\N,2025-09-17T14:11:40,2025-11-07T20:11:14
133,2,1,Gaming Laptop Series,gaming-laptop-series-24,High-performance gaming laptop with RTX graphics and 16GB RAM.,High-performance gaming laptop with RTX graphics and 16GB RAM.,1341.33,1770.696,SKU-000024-1303,71,0.4872248046459411,\N,"[""/uploads/products/product_133.png""]",true,true,false,approved,\N,\N,\N,3.8,22,\N,2025-09-17T14:11:40,2025-11-07T20:11:14
134,2,1,Gaming Laptop - White,gaming-laptop---white-25,High-performance gaming laptop with RTX graphics and 16GB RAM.,High-performance gaming laptop with RTX graphics and 16GB RAM.,1591.34,2088.6479999999997,SKU-000025-7566,34,1.0385236796318242,\N,"[""/uploads/products/product_134.png""]",true,false,false,approved,\N,\N,\N,3.8,29,\N,2025-09-17T14:11:40,2025-11-07T20:11:14
135,2,1,Gaming Laptop Model,gaming-laptop-model-26,High-performance gaming laptop with RTX graphics and 16GB RAM.,High-performance gaming laptop with RTX graphics and 16GB RAM.,1568.68,2165.04,SKU-000026-5640,28,2.2679748569136406,\N,"[""/uploads/products/product_135.png""]",true,true,false,approved,\N,\N,\N,4.8,19,\N,2025-09-17T14:11:40,2025-11-07T20:11:14
136,2,1,Gaming Laptop - Silver,gaming-laptop---silver-27,High-performance gaming laptop with RTX graphics and 16GB RAM.,High-performance gaming laptop with RTX graphics and 16GB RAM.,1267.59,1657.2959999999998,SKU-000027-4575,15,3.111751680264747,\N,"[""/uploads/products/product_136.png""]",true,false,false,approved,\N,\N,\N,4.6,22,\N,2025-09-17T14:11:40,2025-11-07T20:11:14
137,2,1,Gaming Laptop Plus,gaming-laptop-plus-28,High-performance gaming laptop with RTX graphics and 16GB RAM.,High-performance gaming laptop with RTX graphics and 16GB RAM.,1403.44,1781.652,SKU-000028-8777,84,0.40535969040618125,\N,"[""/uploads/products/product_137.png""]",true,false,false,approved,\N,\N,\N,4.1,33,\N,2025-09-17T14:11:40,2025-11-07T20:11:14
138,1,1,Gaming Laptop,gaming-laptop-29,High-performance gaming laptop with RTX graphics and 16GB RAM.,High-performance gaming laptop with RTX graphics and 16GB RAM.,1631.37,2101.752,SKU-000029-9307,38,3.8954002311716787,\N,"[""/uploads/products/product_138.png""]",true,false,false,approved,\N,\N,\N,4.1,17,\N,2025-09-17T14:11:40,2025-11-07T20:11:14
139,2,1,Premium Gaming Laptop,premium-gaming-laptop-30,High-performance gaming laptop with RTX graphics and 16GB RAM.,High-performance gaming laptop with RTX graphics and 16GB RAM.,995.62,1330.464,SKU-000030-5124,83,4.800924285376699,\N,"[""/uploads/products/product_139.png""]",true,false,false,approved,\N,\N,\N,3.9,16,\N,2025-09-17T14:11:40,2025-11-07T20:11:14
140,2,1,Gaming Laptop,gaming-laptop-31,High-performance gaming laptop with RTX graphics and 16GB RAM.,High-performance gaming laptop with RTX graphics and 16GB RAM.,1634.82,1913.856,SKU-000031-4984,59,0.7042244341187318,\N,"[""/uploads/products/product_140.png""]",true,false,false,approved,\N,\N,\N,4.8,23,\N,2025-09-17T14:11:40,2025-11-07T20:11:14
141,3,1,Premium Smartphone,premium-smartphone-32,Latest smartphone with advanced camera system and 5G connectivity.,Latest smartphone with advanced camera system and 5G connectivity.,1003.76,1166.988,SKU-000032-2207,28,1.3538425668705052,\N,"[""/uploads/products/product_141.png""]",true,false,false,approved,\N,\N,\N,4.0,15,\N,2025-09-17T14:11:40,2025-11-07T20:11:14
142,2,1,Smartphone,smartphone-33,Latest smartphone with advanced camera system and 5G connectivity.,Latest smartphone with advanced camera system and 5G connectivity.,707.04,900.0840000000001,SKU-000033-4173,95,3.2689747999029133,\N,"[""/uploads/products/product_142.png""]",true,false,false,approved,\N,\N,\N,3.9,2,\N,2025-09-17T14:11:40,2025-11-07T20:11:14
143,3,1,Smartphone,smartphone-34,Latest smartphone with advanced camera system and 5G connectivity.,Latest smartphone with advanced camera system and 5G connectivity.,853.94,998.928,SKU-000034-3495,84,3.4532494003923184,\N,"[""/uploads/products/product_143.png""]",true,false,false,approved,\N,\N,\N,4.0,21,\N,2025-09-17T14:11:40,2025-11-07T20:11:14
144,2,1,Smartphone Edition,smartphone-edition-35,Latest smartphone with advanced camera system and 5G connectivity.,Latest smartphone with advanced camera system and 5G connectivity.,578.55,688.1159999999999,SKU-000035-3867,46,2.467075136731466,\N,"[""/uploads/products/product_144.png""]",true,false,false,approved,\N,\N,\N,3.5,10,\N,2025-09-17T14:11:40,2025-11-07T20:11:14
145,3,1,Smartphone Series,smartphone-series-36,Latest smartphone with advanced camera system and 5G connectivity.,Latest smartphone with advanced camera system and 5G connectivity.,626.74,805.284,SKU-000036-1795,71,1.2054743161430175,\N,"[""/uploads/products/product_145.png""]",true,false,false,approved,\N,\N,\N,3.8,31,\N,2025-09-17T14:11:40,2025-11-07T20:11:14
146,1,1,Smartphone - Silver,smartphone---silver-37,Latest smartphone with advanced camera system and 5G connectivity.,Latest smartphone with advanced camera system and 5G connectivity.,854.09,1154.6879999999999,SKU-000037-5840,86,3.0023559042226378,\N,"[""/uploads/products/product_146.png""]",true,false,false,approved,\N,\N,\N,4.5,32,\N,2025-09-17T14:11:40,2025-11-07T20:11:14
147,3,1,Smartphone Model,smartphone-model-38,Latest smartphone with advanced camera system and 5G connectivity.,Latest smartphone with advanced camera system and 5G connectivity.,913.73,1218.84,SKU-000038-1489,54,0.3591560907692025,\N,"[""/uploads/products/product_147.png""]",true,false,false,approved,\N,\N,\N,4.2,43,\N,2025-09-17T14:11:40,2025-11-07T20:11:14
148,1,1,Smartphone - Silver,smartphone---silver-39,Latest smartphone with advanced camera system and 5G connectivity.,Latest smartphone with advanced camera system and 5G connectivity.,936.29,1135.8,SKU-000039-8642,32,2.522455158293162,\N,"[""/uploads/products/product_148.png""]",true,false,false,approved,\N,\N,\N,4.9,34,\N,2025-09-17T14:11:40,2025-11-07T20:11:14
149,3,1,Pro Smartphone,pro-smartphone-40,Latest smartphone with advanced camera system and 5G connectivity.,Latest smartphone with advanced camera system and 5G connectivity.,827.64,1134.444,SKU-000040-4273,75,0.3679694358662463,\N,"[""/uploads/products/product_149.png""]",true,false,false,approved,\N,\N,\N,4.8,26,\N,2025-09-17T14:11:40,2025-11-07T20:11:14
150,2,1,Premium Tablet,premium-tablet-41,10-inch tablet with high-resolution display and all-day battery life.,10-inch tablet with high-resolution display and all-day battery life.,397.51,520.9079999999999,SKU-000041-7610,12,1.844529564743564,\N,"[""/uploads/products/product_150.png""]",true,false,false,approved,\N,\N,\N,3.7,50,\N,2025-09-17T14:11:40,2025-11-07T20:11:14
151,1,1,Tablet,tablet-42,10-inch tablet with high-resolution display and all-day battery life.,10-inch tablet with high-resolution display and all-day battery life.,300.48,335.904,SKU-000042-7103,50,0.9313711963823369,\N,"[""/uploads/products/product_151.png""]",true,false,false,approved,\N,\N,\N,4.8,34,\N,2025-09-17T14:11:40,2025-11-07T20:11:14
152,1,1,Tablet,tablet-43,10-inch tablet with high-resolution display and all-day battery life.,10-inch tablet with high-resolution display and all-day battery life.,291.54,412.02000000000004,SKU-000043-9686,57,4.716611247856024,\N,"[""/uploads/products/product_152.png""]",true,false,false,approved,\N,\N,\N,4.5,26,\N,2025-09-17T14:11:40,2025-11-07T20:11:14
153,3,1,Tablet Model,tablet-model-44,10-inch tablet with high-resolution display and all-day battery life.,10-inch tablet with high-resolution display and all-day battery life.,329.93,415.644,SKU-000044-7947,86,2.894389866663305,\N,"[""/uploads/products/product_153.png""]",true,false,false,approved,\N,\N,\N,3.7,15,\N,2025-09-17T14:11:40,2025-11-07T20:11:14
154,3,1,Classic Tablet,classic-tablet-45,10-inch tablet with high-resolution display and all-day battery life.,10-inch tablet with high-resolution display and all-day battery life.,257.2,321.09599999999995,SKU-000045-5894,36,4.66542670361867,\N,"[""/uploads/products/product_154.png""]",true,false,false,approved,\N,\N,\N,3.9,32,\N,2025-09-17T14:11:40,2025-11-07T20:11:14
155,2,1,Tablet - Silver,tablet---silver-46,10-inch tablet with high-resolution display and all-day battery life.,10-inch tablet with high-resolution display and all-day battery life.,335.48,432.828,SKU-000046-8697,25,1.0814389843061418,\N,"[""/uploads/products/product_155.png""]",true,false,false,approved,\N,\N,\N,4.5,33,\N,2025-09-17T14:11:40,2025-11-07T20:11:14
156,1,1,Tablet Series,tablet-series-47,10-inch tablet with high-resolution display and all-day battery life.,10-inch tablet with high-resolution display and all-day battery life.,324.4,454.656,SKU-000047-7114,93,0.4286344834864757,\N,"[""/uploads/products/product_156.png""]",true,false,false,approved,\N,\N,\N,3.5,9,\N,2025-09-17T14:11:40,2025-11-07T20:11:14
157,2,1,Tablet Max,tablet-max-48,10-inch tablet with high-resolution display and all-day battery life.,10-inch tablet with high-resolution display and all-day battery life.,358.58,407.03999999999996,SKU-000048-1401,42,0.566611730009873,\N,"[""/uploads/products/product_157.png""]",true,true,false,approved,\N,\N,\N,4.0,19,\N,2025-09-17T14:11:40,2025-11-07T20:11:14
158,3,1,Tablet Lite,tablet-lite-49,10-inch tablet with high-resolution display and all-day battery life.,10-inch tablet with high-resolution display and all-day battery life.,298.82,420.69599999999997,SKU-000049-7239,66,4.121047834918186,\N,"[""/uploads/products/product_158.png""]",true,true,false,approved,\N,\N,\N,3.9,19,\N,2025-09-17T14:11:40,2025-11-07T20:11:14
159,1,1,Tablet - Silver,tablet---silver-50,10-inch tablet with high-resolution display and all-day battery life.,10-inch tablet with high-resolution display and all-day battery life.,493.59,580.452,SKU-000050-3994,23,4.664801504129709,\N,"[""/uploads/products/product_159.png""]",true,false,false,approved,\N,\N,\N,4.7,12,\N,2025-09-17T14:11:40,2025-11-07T20:11:14
160,2,1,Tablet - Blue,tablet---blue-51,10-inch tablet with high-resolution display and all-day battery life.,10-inch tablet with high-resolution display and all-day battery life.,372.92,459.32399999999996,SKU-000051-5406,42,0.19403477330707758,\N,"[""/uploads/products/product_160.png""]",true,false,false,approved,\N,\N,\N,3.7,1,\N,2025-09-17T14:11:40,2025-11-07T20:11:14
161,1,1,Tablet - Blue,tablet---blue-52,10-inch tablet with high-resolution display and all-day battery life.,10-inch tablet with high-resolution display and all-day battery life.,355.04,498.264,SKU-000052-8906,12,3.025099382362213,\N,"[""/uploads/products/product_161.png""]",true,true,false,approved,\N,\N,\N,4.2,14,\N,2025-09-17T14:11:40,2025-11-07T20:11:14
162,1,1,Deluxe Wireless Earbuds,deluxe-wireless-earbuds-53,True wireless earbuds with active noise cancellation.,True wireless earbuds with active noise cancellation.,203.61,234.624,SKU-000053-6040,61,0.8163376900838263,\N,"[""/uploads/products/product_162.png""]",true,true,false,approved,\N,\N,\N,3.8,39,\N,2025-09-17T14:11:40,2025-11-07T20:11:14
163,1,1,Standard Wireless Earbuds,standard-wireless-earbuds-54,True wireless earbuds with active noise cancellation.,True wireless earbuds with active noise cancellation.,158.49,220.956,SKU-000054-6879,36,2.8076400944270548,\N,"[""/uploads/products/product_163.png""]",true,false,false,approved,\N,\N,\N,3.7,6,\N,2025-09-17T14:11:40,2025-11-07T20:11:14
164,2,1,Wireless Earbuds Model,wireless-earbuds-model-55,True wireless earbuds with active noise cancellation.,True wireless earbuds with active noise cancellation.,136.25,186.144,SKU-000055-4494,100,1.7191544226486815,\N,"[""/uploads/products/product_164.png""]",true,true,false,approved,\N,\N,\N,4.9,7,\N,2025-09-17T14:11:40,2025-11-07T20:11:15
165,2,1,Wireless Earbuds Series,wireless-earbuds-series-56,True wireless earbuds with active noise cancellation.,True wireless earbuds with active noise cancellation.,170.42,204.216,SKU-000056-8446,28,3.6955889223404794,\N,"[""/uploads/products/product_165.png""]",true,false,false,approved,\N,\N,\N,3.6,49,\N,2025-09-17T14:11:40,2025-11-07T20:11:15
166,2,1,Wireless Earbuds Plus,wireless-earbuds-plus-57,True wireless earbuds with active noise cancellation.,True wireless earbuds with active noise cancellation.,156.17,206.844,SKU-000057-6143,60,1.2093346751893448,\N,"[""/uploads/products/product_166.png""]",true,false,false,approved,\N,\N,\N,3.7,23,\N,2025-09-17T14:11:40,2025-11-07T20:11:15
167,3,1,Wireless Earbuds - Blue,wireless-earbuds---blue-58,True wireless earbuds with active noise cancellation.,True wireless earbuds with active noise cancellation.,174.9,223.69199999999998,SKU-000058-1871,44,3.5579593093782957,\N,"[""/uploads/products/product_167.png""]",true,false,false,approved,\N,\N,\N,3.6,48,\N,2025-09-17T14:11:40,2025-11-07T20:11:15
168,2,1,Elite Wireless Earbuds,elite-wireless-earbuds-59,True wireless earbuds with active noise cancellation.,True wireless earbuds with active noise cancellation.,206.14,266.46,SKU-000059-3045,41,0.9271461852654818,\N,"[""/uploads/products/product_168.png""]",true,true,false,approved,\N,\N,\N,4.6,6,\N,2025-09-17T14:11:40,2025-11-07T20:11:15
169,3,1,Wireless Earbuds,wireless-earbuds-60,True wireless earbuds with active noise cancellation.,True wireless earbuds with active noise cancellation.,217.14,248.07599999999996,SKU-000060-6165,59,1.6218670973135318,\N,"[""/uploads/products/product_169.png""]",true,false,false,approved,\N,\N,\N,3.6,7,\N,2025-09-17T14:11:40,2025-11-07T20:11:15
170,1,1,Wireless Earbuds V2,wireless-earbuds-v2-61,True wireless earbuds with active noise cancellation.,True wireless earbuds with active noise cancellation.,191.45,262.548,SKU-000061-2022,37,3.6376744040825804,\N,"[""/uploads/products/product_170.png""]",true,false,false,approved,\N,\N,\N,4.3,46,\N,2025-09-17T14:11:40,2025-11-07T20:11:15
171,1,1,Wireless Earbuds - Red,wireless-earbuds---red-62,True wireless earbuds with active noise cancellation.,True wireless earbuds with active noise cancellation.,159.78,179.676,SKU-000062-9894,52,1.8928477150130905,\N,"[""/uploads/products/product_171.png""]",true,false,false,approved,\N,\N,\N,4.3,32,\N,2025-09-17T14:11:40,2025-11-07T20:11:15
172,1,1,Pro Smart Speaker,pro-smart-speaker-63,Voice-controlled smart speaker with premium sound quality.,Voice-controlled smart speaker with premium sound quality.,121.96,143.35199999999998,SKU-000063-8175,18,4.797094449279247,\N,"[""/uploads/products/product_172.png""]",true,false,false,approved,\N,\N,\N,4.0,18,\N,2025-09-17T14:11:40,2025-11-07T20:11:15
173,3,1,Smart Speaker Plus,smart-speaker-plus-64,Voice-controlled smart speaker with premium sound quality.,Voice-controlled smart speaker with premium sound quality.,107.93,131.052,SKU-000064-4591,43,2.386509456386247,\N,"[""/uploads/products/product_173.png""]",true,false,false,approved,\N,\N,\N,4.2,9,\N,2025-09-17T14:11:40,2025-11-07T20:11:15
174,1,1,Ultra Smart Speaker,ultra-smart-speaker-65,Voice-controlled smart speaker with premium sound quality.,Voice-controlled smart speaker with premium sound quality.,144.81,175.72799999999998,SKU-000065-1178,82,2.229193843167487,\N,"[""/uploads/products/product_174.png""]",true,false,false,approved,\N,\N,\N,4.8,35,\N,2025-09-17T14:11:40,2025-11-07T20:11:15
175,2,1,Smart Speaker,smart-speaker-66,Voice-controlled smart speaker with premium sound quality.,Voice-controlled smart speaker with premium sound quality.,107.35,144.28799999999998,SKU-000066-5059,72,0.7534939403243829,\N,"[""/uploads/products/product_175.png""]",true,false,false,approved,\N,\N,\N,5.0,35,\N,2025-09-17T14:11:40,2025-11-07T20:11:15
176,1,1,Smart Speaker Edition,smart-speaker-edition-67,Voice-controlled smart speaker with premium sound quality.,Voice-controlled smart speaker with premium sound quality.,117.09,166.008,SKU-000067-7672,44,0.8269108176576871,\N,"[""/uploads/products/product_176.png""]",true,false,false,approved,\N,\N,\N,4.6,37,\N,2025-09-17T14:11:40,2025-11-07T20:11:15
177,1,1,Smart Speaker - Red,smart-speaker---red-68,Voice-controlled smart speaker with premium sound quality.,Voice-controlled smart speaker with premium sound quality.,121.59,155.7,SKU-000068-9433,41,1.2960588627776173,\N,"[""/uploads/products/product_177.png""]",true,false,false,approved,\N,\N,\N,3.8,41,\N,2025-09-17T14:11:40,2025-11-07T20:11:15
178,1,1,Smart Speaker Lite,smart-speaker-lite-69,Voice-controlled smart speaker with premium sound quality.,Voice-controlled smart speaker with premium sound quality.,111.83,136.476,SKU-000069-9189,22,4.917803537037865,\N,"[""/uploads/products/product_178.png""]",true,false,false,approved,\N,\N,\N,4.1,31,\N,2025-09-17T14:11:40,2025-11-07T20:11:15
179,2,1,Pro Smart Speaker,pro-smart-speaker-70,Voice-controlled smart speaker with premium sound quality.,Voice-controlled smart speaker with premium sound quality.,117.5,138.204,SKU-000070-1579,62,2.3021329122572256,\N,"[""/uploads/products/product_179.png""]",true,false,false,approved,\N,\N,\N,4.7,5,\N,2025-09-17T14:11:40,2025-11-07T20:11:15
180,1,1,Smart Speaker Max,smart-speaker-max-71,Voice-controlled smart speaker with premium sound quality.,Voice-controlled smart speaker with premium sound quality.,107.6,127.344,SKU-000071-7904,68,4.541470612769794,\N,"[""/uploads/products/product_180.png""]",true,false,false,approved,\N,\N,\N,3.8,2,\N,2025-09-17T14:11:40,2025-11-07T20:11:15
181,3,1,Smart Speaker - Silver,smart-speaker---silver-72,Voice-controlled smart speaker with premium sound quality.,Voice-controlled smart speaker with premium sound quality.,107.04,139.38,SKU-000072-4865,46,4.779733847598395,\N,"[""/uploads/products/product_181.png""]",true,false,false,approved,\N,\N,\N,3.6,16,\N,2025-09-17T14:11:40,2025-11-07T20:11:15
182,1,1,Deluxe Smart Speaker,deluxe-smart-speaker-73,Voice-controlled smart speaker with premium sound quality.,Voice-controlled smart speaker with premium sound quality.,101.35,131.56799999999998,SKU-000073-1981,17,3.01643714420596,\N,"[""/uploads/products/product_182.png""]",true,true,false,approved,\N,\N,\N,4.8,28,\N,2025-09-17T14:11:40,2025-11-07T20:11:15
183,2,1,4K Monitor,4k-monitor-74,27-inch 4K monitor with HDR support and USB-C connectivity.,27-inch 4K monitor with HDR support and USB-C connectivity.,256.61,340.82399999999996,SKU-000074-6565,6,4.960348257866856,\N,"[""/uploads/products/product_183.png""]",true,true,false,approved,\N,\N,\N,3.9,32,\N,2025-09-17T14:11:40,2025-11-07T20:11:15
184,1,1,4K Monitor,4k-monitor-75,27-inch 4K monitor with HDR support and USB-C connectivity.,27-inch 4K monitor with HDR support and USB-C connectivity.,365.25,463.97999999999996,SKU-000075-8064,27,3.6003348597730875,\N,"[""/uploads/products/product_184.png""]",true,false,false,approved,\N,\N,\N,4.3,46,\N,2025-09-17T14:11:40,2025-11-07T20:11:15
185,2,1,4K Monitor Series,4k-monitor-series-76,27-inch 4K monitor with HDR support and USB-C connectivity.,27-inch 4K monitor with HDR support and USB-C connectivity.,406.62,509.7,SKU-000076-1703,40,3.5484134181901728,\N,"[""/uploads/products/product_185.png""]",true,false,false,approved,\N,\N,\N,4.5,40,\N,2025-09-17T14:11:40,2025-11-07T20:11:15
186,2,1,4K Monitor - Black,4k-monitor---black-77,27-inch 4K monitor with HDR support and USB-C connectivity.,27-inch 4K monitor with HDR support and USB-C connectivity.,249.6,302.196,SKU-000077-6241,89,2.9936639024295935,\N,"[""/uploads/products/product_186.png""]",true,false,false,approved,\N,\N,\N,4.0,21,\N,2025-09-17T14:11:40,2025-11-07T20:11:15
187,2,1,Advanced 4K Monitor,advanced-4k-monitor-78,27-inch 4K monitor with HDR support and USB-C connectivity.,27-inch 4K monitor with HDR support and USB-C connectivity.,277.91,318.72,SKU-000078-2498,90,3.816587200883364,\N,"[""/uploads/products/product_187.png""]",true,false,false,approved,\N,\N,\N,4.1,5,\N,2025-09-17T14:11:40,2025-11-07T20:11:15
188,3,1,4K Monitor,4k-monitor-79,27-inch 4K monitor with HDR support and USB-C connectivity.,27-inch 4K monitor with HDR support and USB-C connectivity.,325.69,385.75199999999995,SKU-000079-5352,51,1.8320809739335282,\N,"[""/uploads/products/product_188.png""]",true,false,false,approved,\N,\N,\N,4.5,49,\N,2025-09-17T14:11:40,2025-11-07T20:11:15
189,2,1,4K Monitor - Black,4k-monitor---black-80,27-inch 4K monitor with HDR support and USB-C connectivity.,27-inch 4K monitor with HDR support and USB-C connectivity.,342.84,472.0079999999999,SKU-000080-8439,5,1.3829022478879454,\N,"[""/uploads/products/product_189.png""]",true,false,false,approved,\N,\N,\N,3.7,39,\N,2025-09-17T14:11:40,2025-11-07T20:11:15
190,3,1,Deluxe 4K Monitor,deluxe-4k-monitor-81,27-inch 4K monitor with HDR support and USB-C connectivity.,27-inch 4K monitor with HDR support and USB-C connectivity.,301.74,358.128,SKU-000081-8215,100,3.144433043780831,\N,"[""/uploads/products/product_190.png""]",true,false,false,approved,\N,\N,\N,4.2,46,\N,2025-09-17T14:11:40,2025-11-07T20:11:15
191,2,1,Classic Mechanical Keyboard,classic-mechanical-keyboard-82,RGB mechanical gaming keyboard with customizable switches.,RGB mechanical gaming keyboard with customizable switches.,132.53,189.01199999999997,SKU-000082-5620,15,2.243335013167927,\N,"[""/uploads/products/product_191.png""]",true,false,false,approved,\N,\N,\N,3.7,0,\N,2025-09-17T14:11:40,2025-11-07T20:11:15
192,2,1,Standard Mechanical Keyboard,standard-mechanical-keyboard-83,RGB mechanical gaming keyboard with customizable switches.,RGB mechanical gaming keyboard with customizable switches.,138.03,179.736,SKU-000083-8633,69,3.199126231432156,\N,"[""/uploads/products/product_192.png""]",true,false,false,approved,\N,\N,\N,4.3,6,\N,2025-09-17T14:11:40,2025-11-07T20:11:15
193,3,1,Mechanical Keyboard Edition,mechanical-keyboard-edition-84,RGB mechanical gaming keyboard with customizable switches.,RGB mechanical gaming keyboard with customizable switches.,100.71,133.75199999999998,SKU-000084-2827,31,4.92347259652659,\N,"[""/uploads/products/product_193.png""]",true,false,false,approved,\N,\N,\N,3.7,26,\N,2025-09-17T14:11:40,2025-11-07T20:11:15
194,1,1,Mechanical Keyboard,mechanical-keyboard-85,RGB mechanical gaming keyboard with customizable switches.,RGB mechanical gaming keyboard with customizable switches.,120.93,159.98399999999998,SKU-000085-6344,14,1.0412606453353275,\N,"[""/uploads/products/product_194.png""]",true,false,false,approved,\N,\N,\N,4.9,47,\N,2025-09-17T14:11:40,2025-11-07T20:11:15
195,1,1,Mechanical Keyboard V2,mechanical-keyboard-v2-86,RGB mechanical gaming keyboard with customizable switches.,RGB mechanical gaming keyboard with customizable switches.,115.12,148.488,SKU-000086-5430,6,4.107517698834235,\N,"[""/uploads/products/product_195.png""]",true,false,false,approved,\N,\N,\N,4.1,49,\N,2025-09-17T14:11:40,2025-11-07T20:11:15
196,3,1,Mechanical Keyboard Series,mechanical-keyboard-series-87,RGB mechanical gaming keyboard with customizable switches.,RGB mechanical gaming keyboard with customizable switches.,167.09,212.196,SKU-000087-6815,66,2.2201593269891418,\N,"[""/uploads/products/product_196.png""]",true,false,false,approved,\N,\N,\N,4.4,20,\N,2025-09-17T14:11:40,2025-11-07T20:11:15
197,2,1,Mechanical Keyboard Edition,mechanical-keyboard-edition-88,RGB mechanical gaming keyboard with customizable switches.,RGB mechanical gaming keyboard with customizable switches.,149.45,197.388,SKU-000088-9146,7,2.0152869219885954,\N,"[""/uploads/products/product_197.png""]",true,false,false,approved,\N,\N,\N,4.3,15,\N,2025-09-17T14:11:40,2025-11-07T20:11:15
198,1,1,Mechanical Keyboard,mechanical-keyboard-89,RGB mechanical gaming keyboard with customizable switches.,RGB mechanical gaming keyboard with customizable switches.,112.97,144.132,SKU-000089-4833,72,2.6931210727302823,\N,"[""/uploads/products/product_198.png""]",true,false,false,approved,\N,\N,\N,4.3,13,\N,2025-09-17T14:11:40,2025-11-07T20:11:15
199,2,1,Wireless Mouse Plus,wireless-mouse-plus-90,Ergonomic wireless mouse with precision tracking.,Ergonomic wireless mouse with precision tracking.,76.92,107.14800000000001,SKU-000090-5199,17,3.321210786626905,\N,"[""/uploads/products/product_199.png""]",true,false,false,approved,\N,\N,\N,3.9,25,\N,2025-09-17T14:11:40,2025-11-07T20:11:15
200,3,1,Wireless Mouse,wireless-mouse-91,Ergonomic wireless mouse with precision tracking.,Ergonomic wireless mouse with precision tracking.,54.58,76.488,SKU-000091-4363,20,4.447745734912902,\N,"[""/uploads/products/product_200.png""]",true,false,false,approved,\N,\N,\N,4.4,22,\N,2025-09-17T14:11:40,2025-11-07T20:11:15
201,1,1,Wireless Mouse,wireless-mouse-92,Ergonomic wireless mouse with precision tracking.,Ergonomic wireless mouse with precision tracking.,88.11,107.748,SKU-000092-9867,51,3.250895701654044,\N,"[""/uploads/products/product_201.png""]",true,false,false,approved,\N,\N,\N,3.9,23,\N,2025-09-17T14:11:40,2025-11-07T20:11:15
202,3,1,Wireless Mouse V2,wireless-mouse-v2-93,Ergonomic wireless mouse with precision tracking.,Ergonomic wireless mouse with precision tracking.,86.25,103.98,SKU-000093-8128,70,2.957010662831891,\N,"[""/uploads/products/product_202.png""]",true,false,false,approved,\N,\N,\N,4.8,8,\N,2025-09-17T14:11:40,2025-11-07T20:11:15
203,3,1,Wireless Mouse,wireless-mouse-94,Ergonomic wireless mouse with precision tracking.,Ergonomic wireless mouse with precision tracking.,54.7,66.816,SKU-000094-9387,80,2.73833074217674,\N,"[""/uploads/products/product_203.png""]",true,false,false,approved,\N,\N,\N,4.3,44,\N,2025-09-17T14:11:40,2025-11-07T20:11:15
204,3,1,Pro Wireless Mouse,pro-wireless-mouse-95,Ergonomic wireless mouse with precision tracking.,Ergonomic wireless mouse with precision tracking.,75.14,95.772,SKU-000095-2538,8,0.2014448294537072,\N,"[""/uploads/products/product_204.png""]",true,true,false,approved,\N,\N,\N,3.6,36,\N,2025-09-17T14:11:40,2025-11-07T20:11:15
205,1,1,Wireless Mouse Max,wireless-mouse-max-96,Ergonomic wireless mouse with precision tracking.,Ergonomic wireless mouse with precision tracking.,65.21,85.212,SKU-000096-7822,90,4.047647575316204,\N,"[""/uploads/products/product_205.png""]",true,true,false,approved,\N,\N,\N,4.5,22,\N,2025-09-17T14:11:40,2025-11-07T20:11:15
206,1,1,Classic Wireless Mouse,classic-wireless-mouse-97,Ergonomic wireless mouse with precision tracking.,Ergonomic wireless mouse with precision tracking.,51.18,68.352,SKU-000097-2338,39,1.744580562235848,\N,"[""/uploads/products/product_206.png""]",true,false,false,approved,\N,\N,\N,3.8,21,\N,2025-09-17T14:11:40,2025-11-07T20:11:15
207,1,1,Wireless Mouse Model,wireless-mouse-model-98,Ergonomic wireless mouse with precision tracking.,Ergonomic wireless mouse with precision tracking.,47.28,61.068,SKU-000098-6067,62,4.789343917811995,\N,"[""/uploads/products/product_207.png""]",true,false,false,approved,\N,\N,\N,3.8,43,\N,2025-09-17T14:11:40,2025-11-07T20:11:15
208,2,1,Wireless Mouse,wireless-mouse-99,Ergonomic wireless mouse with precision tracking.,Ergonomic wireless mouse with precision tracking.,71.2,88.752,SKU-000099-7102,73,2.711005485593645,\N,"[""/uploads/products/product_208.png""]",true,false,false,approved,\N,\N,\N,3.6,46,\N,2025-09-17T14:11:40,2025-11-07T20:11:15
209,2,1,Wireless Mouse - Black,wireless-mouse---black-100,Ergonomic wireless mouse with precision tracking.,Ergonomic wireless mouse with precision tracking.,67.86,92.44800000000001,SKU-000100-3053,96,0.654736814580942,\N,"[""/uploads/products/product_209.png""]",true,false,false,approved,\N,\N,\N,4.7,37,\N,2025-09-17T14:11:40,2025-11-07T20:11:15
210,3,1,Advanced Wireless Mouse,advanced-wireless-mouse-101,Ergonomic wireless mouse with precision tracking.,Ergonomic wireless mouse with precision tracking.,71.79,87.108,SKU-000101-6227,20,4.490966687489072,\N,"[""/uploads/products/product_210.png""]",true,false,false,approved,\N,\N,\N,4.6,19,\N,2025-09-17T14:11:40,2025-11-07T20:11:15
211,2,2,Running Shoes - Blue,running-shoes---blue-102,Lightweight running shoes with advanced cushioning technology.,Lightweight running shoes with advanced cushioning technology.,95.74,127.59599999999999,SKU-000102-8411,22,1.8344188440785678,\N,"[""/uploads/products/product_211.png""]",true,false,false,approved,\N,\N,\N,3.7,41,\N,2025-09-17T14:11:40,2025-11-07T20:11:15
212,1,2,Running Shoes Max,running-shoes-max-103,Lightweight running shoes with advanced cushioning technology.,Lightweight running shoes with advanced cushioning technology.,94.08,122.532,SKU-000103-4870,65,4.5959494539576395,\N,"[""/uploads/products/product_212.png""]",true,false,false,approved,\N,\N,\N,4.9,42,\N,2025-09-17T14:11:40,2025-11-07T20:11:15
213,1,2,Running Shoes,running-shoes-104,Lightweight running shoes with advanced cushioning technology.,Lightweight running shoes with advanced cushioning technology.,85.16,101.412,SKU-000104-3236,39,0.42484310333845976,\N,"[""/uploads/products/product_213.png""]",true,false,false,approved,\N,\N,\N,4.0,23,\N,2025-09-17T14:11:40,2025-11-07T20:11:15
214,2,2,Running Shoes - Black,running-shoes---black-105,Lightweight running shoes with advanced cushioning technology.,Lightweight running shoes with advanced cushioning technology.,70.18,94.55999999999999,SKU-000105-6154,36,2.9135258503793566,\N,"[""/uploads/products/product_214.png""]",true,true,false,approved,\N,\N,\N,4.0,30,\N,2025-09-17T14:11:40,2025-11-07T20:11:15
215,2,2,Running Shoes Model,running-shoes-model-106,Lightweight running shoes with advanced cushioning technology.,Lightweight running shoes with advanced cushioning technology.,100.79,122.928,SKU-000106-9787,60,4.008907493122549,\N,"[""/uploads/products/product_215.png""]",true,false,false,approved,\N,\N,\N,4.8,26,\N,2025-09-17T14:11:40,2025-11-07T20:11:15
216,3,2,Running Shoes - White,running-shoes---white-107,Lightweight running shoes with advanced cushioning technology.,Lightweight running shoes with advanced cushioning technology.,83.37,96.276,SKU-000107-9989,60,3.626237812983592,\N,"[""/uploads/products/product_216.png""]",true,false,false,approved,\N,\N,\N,4.3,10,\N,2025-09-17T14:11:40,2025-11-07T20:11:15
217,2,2,Running Shoes Max,running-shoes-max-108,Lightweight running shoes with advanced cushioning technology.,Lightweight running shoes with advanced cushioning technology.,138.23,159.996,SKU-000108-6590,88,1.7484319898302718,\N,"[""/uploads/products/product_217.png""]",true,false,false,approved,\N,\N,\N,4.9,9,\N,2025-09-17T14:11:40,2025-11-07T20:11:15
218,2,2,Pro Running Shoes,pro-running-shoes-109,Lightweight running shoes with advanced cushioning technology.,Lightweight running shoes with advanced cushioning technology.,99.68,131.58,SKU-000109-2003,9,0.3815799079413945,\N,"[""/uploads/products/product_218.png""]",true,false,false,approved,\N,\N,\N,3.6,21,\N,2025-09-17T14:11:40,2025-11-07T20:11:15
219,3,2,Ultra Running Shoes,ultra-running-shoes-110,Lightweight running shoes with advanced cushioning technology.,Lightweight running shoes with advanced cushioning technology.,72.42,89.304,SKU-000110-8956,55,1.2357114630898545,\N,"[""/uploads/products/product_219.png""]",true,false,false,approved,\N,\N,\N,4.7,8,\N,2025-09-17T14:11:40,2025-11-07T20:11:15
220,1,2,Casual T-Shirt,casual-t-shirt-111,Comfortable cotton t-shirt in various colors and sizes.,Comfortable cotton t-shirt in various colors and sizes.,25.93,35.628,SKU-000111-9049,92,2.5755838251331324,\N,"[""/uploads/products/product_220.png""]",true,false,false,approved,\N,\N,\N,4.6,12,\N,2025-09-17T14:11:40,2025-11-07T20:11:15
221,1,2,Casual T-Shirt Max,casual-t-shirt-max-112,Comfortable cotton t-shirt in various colors and sizes.,Comfortable cotton t-shirt in various colors and sizes.,17.58,23.244,SKU-000112-5576,43,1.9394728044165823,\N,"[""/uploads/products/product_221.png""]",true,false,false,approved,\N,\N,\N,4.6,25,\N,2025-09-17T14:11:40,2025-11-07T20:11:15
222,1,2,Ultra Casual T-Shirt,ultra-casual-t-shirt-113,Comfortable cotton t-shirt in various colors and sizes.,Comfortable cotton t-shirt in various colors and sizes.,23.8,31.331999999999997,SKU-000113-3995,7,0.3590087566621756,\N,"[""/uploads/products/product_222.png""]",true,false,false,approved,\N,\N,\N,3.8,10,\N,2025-09-17T14:11:40,2025-11-07T20:11:15
223,3,2,Casual T-Shirt - Black,casual-t-shirt---black-114,Comfortable cotton t-shirt in various colors and sizes.,Comfortable cotton t-shirt in various colors and sizes.,17.58,21.96,SKU-000114-4989,59,3.439411043529862,\N,"[""/uploads/products/product_223.png""]",true,false,false,approved,\N,\N,\N,3.7,48,\N,2025-09-17T14:11:40,2025-11-07T20:11:15
224,1,2,Advanced Casual T-Shirt,advanced-casual-t-shirt-115,Comfortable cotton t-shirt in various colors and sizes.,Comfortable cotton t-shirt in various colors and sizes.,16.29,20.736,SKU-000115-9017,70,0.2105197632277122,\N,"[""/uploads/products/product_224.png""]",true,true,false,approved,\N,\N,\N,4.7,46,\N,2025-09-17T14:11:40,2025-11-07T20:11:15
225,3,2,Casual T-Shirt - White,casual-t-shirt---white-116,Comfortable cotton t-shirt in various colors and sizes.,Comfortable cotton t-shirt in various colors and sizes.,19.85,26.352,SKU-000116-3099,43,1.767169895221068,\N,"[""/uploads/products/product_225.png""]",true,false,false,approved,\N,\N,\N,4.1,19,\N,2025-09-17T14:11:40,2025-11-07T20:11:15
226,3,2,Casual T-Shirt,casual-t-shirt-117,Comfortable cotton t-shirt in various colors and sizes.,Comfortable cotton t-shirt in various colors and sizes.,18.77,22.895999999999997,SKU-000117-9855,30,4.423858881457648,\N,"[""/uploads/products/product_226.png""]",true,false,false,approved,\N,\N,\N,4.4,1,\N,2025-09-17T14:11:40,2025-11-07T20:11:15
227,1,2,Casual T-Shirt,casual-t-shirt-118,Comfortable cotton t-shirt in various colors and sizes.,Comfortable cotton t-shirt in various colors and sizes.,14.99,19.979999999999997,SKU-000118-5824,96,3.710645552921407,\N,"[""/uploads/products/product_227.png""]",true,false,false,approved,\N,\N,\N,3.9,2,\N,2025-09-17T14:11:40,2025-11-07T20:11:15
228,2,2,Casual T-Shirt Edition,casual-t-shirt-edition-119,Comfortable cotton t-shirt in various colors and sizes.,Comfortable cotton t-shirt in various colors and sizes.,15.35,19.823999999999998,SKU-000119-2026,39,1.647836856263738,\N,"[""/uploads/products/product_228.png""]",true,false,false,approved,\N,\N,\N,4.7,7,\N,2025-09-17T14:11:40,2025-11-07T20:11:15
229,2,2,Casual T-Shirt Lite,casual-t-shirt-lite-120,Comfortable cotton t-shirt in various colors and sizes.,Comfortable cotton t-shirt in various colors and sizes.,20.46,22.907999999999998,SKU-000120-5442,71,0.868219069111746,\N,"[""/uploads/products/product_229.png""]",true,false,false,approved,\N,\N,\N,4.8,10,\N,2025-09-17T14:11:40,2025-11-07T20:11:15
230,3,2,Denim Jeans Plus,denim-jeans-plus-121,Classic fit denim jeans with premium quality fabric.,Classic fit denim jeans with premium quality fabric.,72.15,90.504,SKU-000121-4533,14,2.2163895302218464,\N,"[""/uploads/products/product_230.png""]",true,true,false,approved,\N,\N,\N,4.7,10,\N,2025-09-17T14:11:40,2025-11-07T20:11:15
231,3,2,Denim Jeans Model,denim-jeans-model-122,Classic fit denim jeans with premium quality fabric.,Classic fit denim jeans with premium quality fabric.,66.02,79.272,SKU-000122-7657,39,1.7470272503779825,\N,"[""/uploads/products/product_231.png""]",true,false,false,approved,\N,\N,\N,4.9,46,\N,2025-09-17T14:11:40,2025-11-07T20:11:15
232,3,2,Denim Jeans Max,denim-jeans-max-123,Classic fit denim jeans with premium quality fabric.,Classic fit denim jeans with premium quality fabric.,81.84,102.02399999999999,SKU-000123-9487,73,2.7662855247399993,\N,"[""/uploads/products/product_232.png""]",true,false,false,approved,\N,\N,\N,3.7,35,\N,2025-09-17T14:11:40,2025-11-07T20:11:15
233,2,2,Denim Jeans Series,denim-jeans-series-124,Classic fit denim jeans with premium quality fabric.,Classic fit denim jeans with premium quality fabric.,60.49,69.05999999999999,SKU-000124-1899,100,3.907696741066775,\N,"[""/uploads/products/product_233.png""]",true,false,false,approved,\N,\N,\N,4.7,21,\N,2025-09-17T14:11:40,2025-11-07T20:11:15
234,1,2,Denim Jeans - Blue,denim-jeans---blue-125,Classic fit denim jeans with premium quality fabric.,Classic fit denim jeans with premium quality fabric.,73.48,92.05199999999999,SKU-000125-8215,22,3.498265348125592,\N,"[""/uploads/products/product_234.png""]",true,false,false,approved,\N,\N,\N,4.1,41,\N,2025-09-17T14:11:40,2025-11-07T20:11:15
235,2,2,Deluxe Denim Jeans,deluxe-denim-jeans-126,Classic fit denim jeans with premium quality fabric.,Classic fit denim jeans with premium quality fabric.,75.81,88.608,SKU-000126-7821,30,1.8844807298192712,\N,"[""/uploads/products/product_235.png""]",true,false,false,approved,\N,\N,\N,4.0,14,\N,2025-09-17T14:11:40,2025-11-07T20:11:15
236,2,2,Denim Jeans,denim-jeans-127,Classic fit denim jeans with premium quality fabric.,Classic fit denim jeans with premium quality fabric.,63.07,80.208,SKU-000127-1920,75,2.7670215967219103,\N,"[""/uploads/products/product_236.png""]",true,false,false,approved,\N,\N,\N,3.6,6,\N,2025-09-17T14:11:40,2025-11-07T20:11:15
237,2,2,Denim Jeans - Red,denim-jeans---red-128,Classic fit denim jeans with premium quality fabric.,Classic fit denim jeans with premium quality fabric.,83.66,104.39999999999999,SKU-000128-4189,63,3.8493863139448816,\N,"[""/uploads/products/product_237.png""]",true,false,false,approved,\N,\N,\N,5.0,38,\N,2025-09-17T14:11:40,2025-11-07T20:11:15
238,1,2,Denim Jeans,denim-jeans-129,Classic fit denim jeans with premium quality fabric.,Classic fit denim jeans with premium quality fabric.,66.45,79.428,SKU-000129-8318,69,1.2337467284339467,\N,"[""/uploads/products/product_238.png""]",true,false,false,approved,\N,\N,\N,4.1,12,\N,2025-09-17T14:11:40,2025-11-07T20:11:15
239,3,2,Denim Jeans,denim-jeans-130,Classic fit denim jeans with premium quality fabric.,Classic fit denim jeans with premium quality fabric.,77.7,107.38799999999999,SKU-000130-5428,57,0.19912835221371677,\N,"[""/uploads/products/product_239.png""]",true,false,false,approved,\N,\N,\N,4.6,21,\N,2025-09-17T14:11:40,2025-11-07T20:11:15
240,2,2,Denim Jeans,denim-jeans-131,Classic fit denim jeans with premium quality fabric.,Classic fit denim jeans with premium quality fabric.,51.8,68.424,SKU-000131-6019,100,2.3480238672571976,\N,"[""/uploads/products/product_240.png""]",true,true,false,approved,\N,\N,\N,4.3,1,\N,2025-09-17T14:11:40,2025-11-07T20:11:15
241,3,2,Winter Jacket - Blue,winter-jacket---blue-132,Warm winter jacket with water-resistant coating.,Warm winter jacket with water-resistant coating.,144.21,188.124,SKU-000132-1280,67,1.513296696100226,\N,"[""/uploads/products/product_241.png""]",true,false,false,approved,\N,\N,\N,4.3,26,\N,2025-09-17T14:11:40,2025-11-07T20:11:15
242,3,2,Pro Winter Jacket,pro-winter-jacket-133,Warm winter jacket with water-resistant coating.,Warm winter jacket with water-resistant coating.,162.29,208.908,SKU-000133-4757,80,0.6304608984440748,\N,"[""/uploads/products/product_242.png""]",true,false,false,approved,\N,\N,\N,3.6,22,\N,2025-09-17T14:11:40,2025-11-07T20:11:15
243,1,2,Winter Jacket Edition,winter-jacket-edition-134,Warm winter jacket with water-resistant coating.,Warm winter jacket with water-resistant coating.,99.22,126.46799999999999,SKU-000134-5870,19,3.8703127751371427,\N,"[""/uploads/products/product_243.png""]",true,false,false,approved,\N,\N,\N,4.4,4,\N,2025-09-17T14:11:40,2025-11-07T20:11:15
244,3,2,Winter Jacket - Black,winter-jacket---black-135,Warm winter jacket with water-resistant coating.,Warm winter jacket with water-resistant coating.,132.43,165.108,SKU-000135-6939,74,1.8065589043922068,\N,"[""/uploads/products/product_244.png""]",true,false,false,approved,\N,\N,\N,3.9,46,\N,2025-09-17T14:11:40,2025-11-07T20:11:15
245,2,2,Winter Jacket Lite,winter-jacket-lite-136,Warm winter jacket with water-resistant coating.,Warm winter jacket with water-resistant coating.,122.15,166.87199999999999,SKU-000136-4895,18,2.152507941728645,\N,"[""/uploads/products/product_245.png""]",true,false,false,approved,\N,\N,\N,4.9,5,\N,2025-09-17T14:11:40,2025-11-07T20:11:15
246,2,2,Winter Jacket - Red,winter-jacket---red-137,Warm winter jacket with water-resistant coating.,Warm winter jacket with water-resistant coating.,136.08,187.22400000000002,SKU-000137-4416,83,1.4381388880296235,\N,"[""/uploads/products/product_246.png""]",true,false,false,approved,\N,\N,\N,4.6,8,\N,2025-09-17T14:11:40,2025-11-07T20:11:15
247,3,2,Winter Jacket,winter-jacket-138,Warm winter jacket with water-resistant coating.,Warm winter jacket with water-resistant coating.,105.59,127.98,SKU-000138-1077,53,0.9715660911982302,\N,"[""/uploads/products/product_247.png""]",true,false,false,approved,\N,\N,\N,3.6,47,\N,2025-09-17T14:11:40,2025-11-07T20:11:15
248,1,2,Winter Jacket - White,winter-jacket---white-139,Warm winter jacket with water-resistant coating.,Warm winter jacket with water-resistant coating.,158.4,194.316,SKU-000139-1086,89,3.543926009170059,\N,"[""/uploads/products/product_248.png""]",true,true,false,approved,\N,\N,\N,4.5,47,\N,2025-09-17T14:11:40,2025-11-07T20:11:15
249,1,2,Winter Jacket Plus,winter-jacket-plus-140,Warm winter jacket with water-resistant coating.,Warm winter jacket with water-resistant coating.,164.68,215.136,SKU-000140-1219,5,0.2594924641170295,\N,"[""/uploads/products/product_249.png""]",true,false,false,approved,\N,\N,\N,3.8,34,\N,2025-09-17T14:11:40,2025-11-07T20:11:15
250,3,2,Winter Jacket,winter-jacket-141,Warm winter jacket with water-resistant coating.,Warm winter jacket with water-resistant coating.,140.35,165.036,SKU-000141-3796,65,2.24864709096342,\N,"[""/uploads/products/product_250.png""]",true,true,false,approved,\N,\N,\N,4.2,27,\N,2025-09-17T14:11:40,2025-11-07T20:11:15
251,1,2,Athletic Shorts,athletic-shorts-142,Moisture-wicking athletic shorts for sports and fitness.,Moisture-wicking athletic shorts for sports and fitness.,24.26,31.379999999999995,SKU-000142-1943,52,3.647883617000183,\N,"[""/uploads/products/product_251.png""]",true,false,false,approved,\N,\N,\N,5.0,13,\N,2025-09-17T14:11:40,2025-11-07T20:11:15
252,1,2,Athletic Shorts - Red,athletic-shorts---red-143,Moisture-wicking athletic shorts for sports and fitness.,Moisture-wicking athletic shorts for sports and fitness.,42.26,49.008,SKU-000143-6048,86,4.08027724778447,\N,"[""/uploads/products/product_252.png""]",true,false,false,approved,\N,\N,\N,4.8,12,\N,2025-09-17T14:11:40,2025-11-07T20:11:15
253,1,2,Athletic Shorts,athletic-shorts-144,Moisture-wicking athletic shorts for sports and fitness.,Moisture-wicking athletic shorts for sports and fitness.,44.12,49.199999999999996,SKU-000144-7937,54,4.374953589628382,\N,"[""/uploads/products/product_253.png""]",true,false,false,approved,\N,\N,\N,4.7,23,\N,2025-09-17T14:11:40,2025-11-07T20:11:15
254,3,2,Athletic Shorts,athletic-shorts-145,Moisture-wicking athletic shorts for sports and fitness.,Moisture-wicking athletic shorts for sports and fitness.,31.04,36.971999999999994,SKU-000145-1538,38,4.427829267671575,\N,"[""/uploads/products/product_254.png""]",true,false,false,approved,\N,\N,\N,3.7,16,\N,2025-09-17T14:11:40,2025-11-07T20:11:15
255,3,2,Athletic Shorts - Blue,athletic-shorts---blue-146,Moisture-wicking athletic shorts for sports and fitness.,Moisture-wicking athletic shorts for sports and fitness.,33.7,39.768,SKU-000146-7920,62,2.8060411205125892,\N,"[""/uploads/products/product_255.png""]",true,false,false,approved,\N,\N,\N,4.9,45,\N,2025-09-17T14:11:40,2025-11-07T20:11:15
256,1,2,Athletic Shorts - Silver,athletic-shorts---silver-147,Moisture-wicking athletic shorts for sports and fitness.,Moisture-wicking athletic shorts for sports and fitness.,40.34,51.959999999999994,SKU-000147-2404,54,4.660144422774348,\N,"[""/uploads/products/product_256.png""]",true,false,false,approved,\N,\N,\N,4.4,26,\N,2025-09-17T14:11:40,2025-11-07T20:11:15
257,3,2,Classic Athletic Shorts,classic-athletic-shorts-148,Moisture-wicking athletic shorts for sports and fitness.,Moisture-wicking athletic shorts for sports and fitness.,29.29,38.699999999999996,SKU-000148-6249,72,4.343786037476906,\N,"[""/uploads/products/product_257.png""]",true,false,false,approved,\N,\N,\N,3.6,40,\N,2025-09-17T14:11:40,2025-11-07T20:11:15
258,3,2,Classic Athletic Shorts,classic-athletic-shorts-149,Moisture-wicking athletic shorts for sports and fitness.,Moisture-wicking athletic shorts for sports and fitness.,45.03,51.324000000000005,SKU-000149-7941,80,3.006307423562621,\N,"[""/uploads/products/product_258.png""]",true,false,false,approved,\N,\N,\N,3.7,17,\N,2025-09-17T14:11:40,2025-11-07T20:11:15
259,3,2,Athletic Shorts - Black,athletic-shorts---black-150,Moisture-wicking athletic shorts for sports and fitness.,Moisture-wicking athletic shorts for sports and fitness.,40.84,51.672000000000004,SKU-000150-7290,11,0.7253079285682453,\N,"[""/uploads/products/product_259.png""]",true,false,false,approved,\N,\N,\N,4.9,13,\N,2025-09-17T14:11:41,2025-11-07T20:11:15
260,1,2,Athletic Shorts - White,athletic-shorts---white-151,Moisture-wicking athletic shorts for sports and fitness.,Moisture-wicking athletic shorts for sports and fitness.,28.21,33.312,SKU-000151-7416,43,2.461664818262633,\N,"[""/uploads/products/product_260.png""]",true,false,false,approved,\N,\N,\N,4.2,6,\N,2025-09-17T14:11:41,2025-11-07T20:11:15
261,3,2,Classic Dress Shirt,classic-dress-shirt-152,Professional dress shirt for business and formal occasions.,Professional dress shirt for business and formal occasions.,37.89,52.98,SKU-000152-4767,99,3.9692738618648673,\N,"[""/uploads/products/product_261.png""]",true,true,false,approved,\N,\N,\N,5.0,1,\N,2025-09-17T14:11:41,2026-03-12T13:17:05
262,3,2,Classic Dress Shirt,classic-dress-shirt-153,Professional dress shirt for business and formal occasions.,Professional dress shirt for business and formal occasions.,49.58,56.22,SKU-000153-4593,90,1.0064097863502555,\N,"[""/uploads/products/product_262.png""]",true,false,false,approved,\N,\N,\N,4.9,28,\N,2025-09-17T14:11:41,2025-11-07T20:11:15
263,3,2,Dress Shirt,dress-shirt-154,Professional dress shirt for business and formal occasions.,Professional dress shirt for business and formal occasions.,61.88,81.336,SKU-000154-9211,22,3.9468381442379274,\N,"[""/uploads/products/product_263.png""]",true,false,false,approved,\N,\N,\N,4.3,48,\N,2025-09-17T14:11:41,2025-11-07T20:11:15
264,2,2,Dress Shirt - Black,dress-shirt---black-155,Professional dress shirt for business and formal occasions.,Professional dress shirt for business and formal occasions.,47.27,53.675999999999995,SKU-000155-7300,96,2.8040322595880984,\N,"[""/uploads/products/product_264.png""]",true,false,false,approved,\N,\N,\N,4.6,44,\N,2025-09-17T14:11:41,2025-11-07T20:11:16
265,3,2,Dress Shirt - White,dress-shirt---white-156,Professional dress shirt for business and formal occasions.,Professional dress shirt for business and formal occasions.,64.75,89.016,SKU-000156-6480,13,4.015655848808202,\N,"[""/uploads/products/product_265.png""]",true,false,false,approved,\N,\N,\N,3.9,21,\N,2025-09-17T14:11:41,2025-11-07T20:11:16
266,1,2,Dress Shirt,dress-shirt-157,Professional dress shirt for business and formal occasions.,Professional dress shirt for business and formal occasions.,53.95,71.01599999999999,SKU-000157-2739,75,3.052653761166431,\N,"[""/uploads/products/product_266.png""]",true,false,false,approved,\N,\N,\N,4.9,35,\N,2025-09-17T14:11:41,2025-11-07T20:11:16
267,3,2,Dress Shirt,dress-shirt-158,Professional dress shirt for business and formal occasions.,Professional dress shirt for business and formal occasions.,46.46,51.912,SKU-000158-9230,22,0.10690833549811957,\N,"[""/uploads/products/product_267.png""]",true,false,false,approved,\N,\N,\N,5.0,20,\N,2025-09-17T14:11:41,2025-11-07T20:11:16
268,3,2,Pro Dress Shirt,pro-dress-shirt-159,Professional dress shirt for business and formal occasions.,Professional dress shirt for business and formal occasions.,60.49,86.016,SKU-000159-8377,21,3.4522778669393257,\N,"[""/uploads/products/product_268.png""]",true,false,false,approved,\N,\N,\N,3.9,44,\N,2025-09-17T14:11:41,2025-11-07T20:11:16
269,1,2,Dress Shirt,dress-shirt-160,Professional dress shirt for business and formal occasions.,Professional dress shirt for business and formal occasions.,67.26,89.05199999999999,SKU-000160-5578,27,0.9495226624174369,\N,"[""/uploads/products/product_269.png""]",true,false,false,approved,\N,\N,\N,3.9,35,\N,2025-09-17T14:11:41,2025-11-07T20:11:16
270,1,2,Dress Shirt,dress-shirt-161,Professional dress shirt for business and formal occasions.,Professional dress shirt for business and formal occasions.,50.64,70.692,SKU-000161-6030,16,4.675776235555551,\N,"[""/uploads/products/product_270.png""]",true,false,false,approved,\N,\N,\N,4.5,24,\N,2025-09-17T14:11:41,2025-11-07T20:11:16
271,3,2,Sneakers Plus,sneakers-plus-162,Stylish sneakers for everyday wear and casual outings.,Stylish sneakers for everyday wear and casual outings.,90.82,110.25599999999999,SKU-000162-4427,44,4.890360459016507,\N,"[""/uploads/products/product_271.png""]",true,false,false,approved,\N,\N,\N,3.9,6,\N,2025-09-17T14:11:41,2025-11-07T20:11:16
272,2,2,Sneakers Edition,sneakers-edition-163,Stylish sneakers for everyday wear and casual outings.,Stylish sneakers for everyday wear and casual outings.,106.76,142.548,SKU-000163-2030,82,1.2641226455666552,\N,"[""/uploads/products/product_272.png""]",true,false,false,approved,\N,\N,\N,4.0,44,\N,2025-09-17T14:11:41,2025-11-07T20:11:16
273,2,2,Sneakers Series,sneakers-series-164,Stylish sneakers for everyday wear and casual outings.,Stylish sneakers for everyday wear and casual outings.,70.16,81.468,SKU-000164-9910,20,4.378959096746642,\N,"[""/uploads/products/product_273.png""]",true,false,false,approved,\N,\N,\N,3.5,47,\N,2025-09-17T14:11:41,2025-11-07T20:11:16
274,3,2,Sneakers - White,sneakers---white-165,Stylish sneakers for everyday wear and casual outings.,Stylish sneakers for everyday wear and casual outings.,102.27,116.892,SKU-000165-9387,73,3.6193408059783914,\N,"[""/uploads/products/product_274.png""]",true,false,false,approved,\N,\N,\N,3.7,15,\N,2025-09-17T14:11:41,2025-11-07T20:11:16
275,2,2,Sneakers - Blue,sneakers---blue-166,Stylish sneakers for everyday wear and casual outings.,Stylish sneakers for everyday wear and casual outings.,100.07,113.484,SKU-000166-9891,48,3.211088947455545,\N,"[""/uploads/products/product_275.png""]",true,false,false,approved,\N,\N,\N,3.7,27,\N,2025-09-17T14:11:41,2025-11-07T20:11:16
276,2,2,Sneakers Series,sneakers-series-167,Stylish sneakers for everyday wear and casual outings.,Stylish sneakers for everyday wear and casual outings.,70.53,88.752,SKU-000167-4110,22,3.989060934475862,\N,"[""/uploads/products/product_276.png""]",true,false,false,approved,\N,\N,\N,4.4,34,\N,2025-09-17T14:11:41,2025-11-07T20:11:16
277,3,2,Sneakers - Black,sneakers---black-168,Stylish sneakers for everyday wear and casual outings.,Stylish sneakers for everyday wear and casual outings.,77.44,95.79599999999999,SKU-000168-1552,45,0.9031575679776348,\N,"[""/uploads/products/product_277.png""]",true,false,false,approved,\N,\N,\N,3.6,35,\N,2025-09-17T14:11:41,2025-11-07T20:11:16
278,3,2,Sneakers,sneakers-169,Stylish sneakers for everyday wear and casual outings.,Stylish sneakers for everyday wear and casual outings.,111.74,143.952,SKU-000169-7079,25,2.0052085506789386,\N,"[""/uploads/products/product_278.png""]",true,false,false,approved,\N,\N,\N,4.5,40,\N,2025-09-17T14:11:41,2025-11-07T20:11:16
279,1,2,Sneakers - Red,sneakers---red-170,Stylish sneakers for everyday wear and casual outings.,Stylish sneakers for everyday wear and casual outings.,93.45,129.024,SKU-000170-9163,66,2.7462683906887673,\N,"[""/uploads/products/product_279.png""]",true,false,false,approved,\N,\N,\N,3.5,3,\N,2025-09-17T14:11:41,2025-11-07T20:11:16
280,3,2,Sneakers,sneakers-171,Stylish sneakers for everyday wear and casual outings.,Stylish sneakers for everyday wear and casual outings.,106.93,125.42399999999999,SKU-000171-3524,69,1.2013116260979664,\N,"[""/uploads/products/product_280.png""]",true,false,false,approved,\N,\N,\N,4.8,1,\N,2025-09-17T14:11:41,2025-11-07T20:11:16
281,2,2,Hoodie V2,hoodie-v2-172,Comfortable hoodie with soft fleece lining.,Comfortable hoodie with soft fleece lining.,52.15,68.724,SKU-000172-6831,79,4.031836766512448,\N,"[""/uploads/products/product_281.png""]",true,false,false,approved,\N,\N,\N,3.7,27,\N,2025-09-17T14:11:41,2025-11-07T20:11:16
282,1,2,Hoodie,hoodie-173,Comfortable hoodie with soft fleece lining.,Comfortable hoodie with soft fleece lining.,38.29,52.62,SKU-000173-1238,52,2.0124683102147456,\N,"[""/uploads/products/product_282.png""]",true,false,false,approved,\N,\N,\N,4.1,2,\N,2025-09-17T14:11:41,2025-11-07T20:11:16
283,3,2,Hoodie - Red,hoodie---red-174,Comfortable hoodie with soft fleece lining.,Comfortable hoodie with soft fleece lining.,62.55,71.94,SKU-000174-5673,14,0.27546866232203787,\N,"[""/uploads/products/product_283.png""]",true,false,false,approved,\N,\N,\N,3.8,13,\N,2025-09-17T14:11:41,2025-11-07T20:11:16
284,2,2,Standard Hoodie,standard-hoodie-175,Comfortable hoodie with soft fleece lining.,Comfortable hoodie with soft fleece lining.,46.93,58.272,SKU-000175-5310,69,4.049367483900045,\N,"[""/uploads/products/product_284.png""]",true,false,false,approved,\N,\N,\N,4.9,15,\N,2025-09-17T14:11:41,2025-11-07T20:11:16
285,2,2,Hoodie V2,hoodie-v2-176,Comfortable hoodie with soft fleece lining.,Comfortable hoodie with soft fleece lining.,40.73,51.204,SKU-000176-4342,51,1.532711881429815,\N,"[""/uploads/products/product_285.png""]",true,false,false,approved,\N,\N,\N,4.4,26,\N,2025-09-17T14:11:41,2025-11-07T20:11:16
286,2,2,Hoodie Lite,hoodie-lite-177,Comfortable hoodie with soft fleece lining.,Comfortable hoodie with soft fleece lining.,41.43,54.227999999999994,SKU-000177-2180,88,0.7120539374918035,\N,"[""/uploads/products/product_286.png""]",true,false,false,approved,\N,\N,\N,4.1,47,\N,2025-09-17T14:11:41,2025-11-07T20:11:16
287,1,2,Hoodie - Black,hoodie---black-178,Comfortable hoodie with soft fleece lining.,Comfortable hoodie with soft fleece lining.,31.64,41.352,SKU-000178-7317,45,4.047463068581238,\N,"[""/uploads/products/product_287.png""]",true,false,false,approved,\N,\N,\N,4.5,13,\N,2025-09-17T14:11:41,2025-11-07T20:11:16
288,3,2,Hoodie V2,hoodie-v2-179,Comfortable hoodie with soft fleece lining.,Comfortable hoodie with soft fleece lining.,40.95,46.175999999999995,SKU-000179-7421,44,4.032135902885228,\N,"[""/uploads/products/product_288.png""]",true,false,false,approved,\N,\N,\N,3.7,21,\N,2025-09-17T14:11:41,2025-11-07T20:11:16
289,2,2,Advanced Hoodie,advanced-hoodie-180,Comfortable hoodie with soft fleece lining.,Comfortable hoodie with soft fleece lining.,33.97,41.808,SKU-000180-3885,45,0.23123741591453206,\N,"[""/uploads/products/product_289.png""]",true,false,false,approved,\N,\N,\N,4.8,7,\N,2025-09-17T14:11:41,2025-11-07T20:11:16
290,2,2,Hoodie Max,hoodie-max-181,Comfortable hoodie with soft fleece lining.,Comfortable hoodie with soft fleece lining.,49.46,61.67999999999999,SKU-000181-2910,28,0.7185665538183665,\N,"[""/uploads/products/product_290.png""]",true,false,false,approved,\N,\N,\N,4.3,10,\N,2025-09-17T14:11:41,2025-11-07T20:11:16
291,2,2,Hoodie Model,hoodie-model-182,Comfortable hoodie with soft fleece lining.,Comfortable hoodie with soft fleece lining.,51.51,64.728,SKU-000182-3768,26,1.420951401127597,\N,"[""/uploads/products/product_291.png""]",true,true,false,approved,\N,\N,\N,4.8,26,\N,2025-09-17T14:11:41,2025-11-07T20:11:16
292,2,2,Yoga Pants Plus,yoga-pants-plus-183,Flexible yoga pants with four-way stretch fabric.,Flexible yoga pants with four-way stretch fabric.,33.31,41.448,SKU-000183-1467,8,1.843967306474225,\N,"[""/uploads/products/product_292.png""]",true,false,false,approved,\N,\N,\N,3.6,49,\N,2025-09-17T14:11:41,2025-11-07T20:11:16
293,2,2,Yoga Pants - White,yoga-pants---white-184,Flexible yoga pants with four-way stretch fabric.,Flexible yoga pants with four-way stretch fabric.,32.06,38.123999999999995,SKU-000184-2388,92,2.6583396664188044,\N,"[""/uploads/products/product_293.png""]",true,false,false,approved,\N,\N,\N,4.0,39,\N,2025-09-17T14:11:41,2025-11-07T20:11:16
294,1,2,Yoga Pants V2,yoga-pants-v2-185,Flexible yoga pants with four-way stretch fabric.,Flexible yoga pants with four-way stretch fabric.,45.42,58.788,SKU-000185-9746,38,0.7281618844882713,\N,"[""/uploads/products/product_294.png""]",true,false,false,approved,\N,\N,\N,4.3,12,\N,2025-09-17T14:11:41,2025-11-07T20:11:16
295,2,2,Yoga Pants Max,yoga-pants-max-186,Flexible yoga pants with four-way stretch fabric.,Flexible yoga pants with four-way stretch fabric.,37.67,52.32,SKU-000186-6804,21,1.8471931883287709,\N,"[""/uploads/products/product_295.png""]",true,false,false,approved,\N,\N,\N,3.9,12,\N,2025-09-17T14:11:41,2026-04-23T08:15:50
296,3,2,Elite Yoga Pants,elite-yoga-pants-187,Flexible yoga pants with four-way stretch fabric.,Flexible yoga pants with four-way stretch fabric.,36.49,47.424,SKU-000187-6708,77,3.1953982718360767,\N,"[""/uploads/products/product_296.png""]",true,false,false,approved,\N,\N,\N,4.4,45,\N,2025-09-17T14:11:41,2025-11-07T20:11:16
297,2,2,Yoga Pants Max,yoga-pants-max-188,Flexible yoga pants with four-way stretch fabric.,Flexible yoga pants with four-way stretch fabric.,32.48,40.02,SKU-000188-4324,47,3.755068111342353,\N,"[""/uploads/products/product_297.png""]",true,true,false,approved,\N,\N,\N,4.8,26,\N,2025-09-17T14:11:41,2026-04-23T08:15:50
298,2,2,Yoga Pants Max,yoga-pants-max-189,Flexible yoga pants with four-way stretch fabric.,Flexible yoga pants with four-way stretch fabric.,34.1,45.263999999999996,SKU-000189-9913,100,4.354129279792797,\N,"[""/uploads/products/product_298.png""]",true,false,false,approved,\N,\N,\N,4.1,50,\N,2025-09-17T14:11:41,2025-11-07T20:11:16
299,3,2,Pro Yoga Pants,pro-yoga-pants-190,Flexible yoga pants with four-way stretch fabric.,Flexible yoga pants with four-way stretch fabric.,29.38,35.988,SKU-000190-2441,97,1.9421223027242611,\N,"[""/uploads/products/product_299.png""]",true,true,false,approved,\N,\N,\N,4.6,3,\N,2025-09-17T14:11:41,2025-11-07T20:11:16
300,2,2,Pro Yoga Pants,pro-yoga-pants-191,Flexible yoga pants with four-way stretch fabric.,Flexible yoga pants with four-way stretch fabric.,34.4,44.268,SKU-000191-9332,93,4.4101056605407525,\N,"[""/uploads/products/product_300.png""]",true,false,false,approved,\N,\N,\N,3.6,21,\N,2025-09-17T14:11:41,2025-11-07T20:11:16
301,2,2,Yoga Pants - White,yoga-pants---white-192,Flexible yoga pants with four-way stretch fabric.,Flexible yoga pants with four-way stretch fabric.,27.85,38.82,SKU-000192-9673,80,3.359923856721745,\N,"[""/uploads/products/product_301.png""]",true,false,false,approved,\N,\N,\N,4.0,18,\N,2025-09-17T14:11:41,2025-11-07T20:11:16
302,2,2,Yoga Pants Edition,yoga-pants-edition-193,Flexible yoga pants with four-way stretch fabric.,Flexible yoga pants with four-way stretch fabric.,46.03,53.879999999999995,SKU-000193-4134,32,4.553354096417263,\N,"[""/uploads/products/product_302.png""]",true,false,false,approved,\N,\N,\N,4.5,49,\N,2025-09-17T14:11:41,2025-11-07T20:11:16
303,1,2,Baseball Cap Model,baseball-cap-model-194,Adjustable baseball cap with embroidered logo.,Adjustable baseball cap with embroidered logo.,19.41,26.34,SKU-000194-2332,19,4.733888754641982,\N,"[""/uploads/products/product_303.png""]",true,false,false,approved,\N,\N,\N,4.6,46,\N,2025-09-17T14:11:41,2025-11-07T20:11:16
304,1,2,Baseball Cap Series,baseball-cap-series-195,Adjustable baseball cap with embroidered logo.,Adjustable baseball cap with embroidered logo.,26.93,32.4,SKU-000195-3146,7,3.982888171772419,\N,"[""/uploads/products/product_304.png""]",true,false,false,approved,\N,\N,\N,3.8,8,\N,2025-09-17T14:11:41,2025-11-07T20:11:16
305,2,2,Baseball Cap,baseball-cap-196,Adjustable baseball cap with embroidered logo.,Adjustable baseball cap with embroidered logo.,31.85,41.652,SKU-000196-8453,5,0.5312435107317194,\N,"[""/uploads/products/product_305.png""]",true,false,false,approved,\N,\N,\N,3.6,48,\N,2025-09-17T14:11:41,2025-11-07T20:11:16
306,3,2,Baseball Cap,baseball-cap-197,Adjustable baseball cap with embroidered logo.,Adjustable baseball cap with embroidered logo.,20.06,26.220000000000002,SKU-000197-8650,48,4.446280250906743,\N,"[""/uploads/products/product_306.png""]",true,false,false,approved,\N,\N,\N,4.5,12,\N,2025-09-17T14:11:41,2025-11-07T20:11:16
307,3,2,Baseball Cap - Silver,baseball-cap---silver-198,Adjustable baseball cap with embroidered logo.,Adjustable baseball cap with embroidered logo.,24.34,30.323999999999998,SKU-000198-7733,29,1.8988107750401284,\N,"[""/uploads/products/product_307.png""]",true,false,false,approved,\N,\N,\N,4.1,18,\N,2025-09-17T14:11:41,2025-11-07T20:11:16
308,2,2,Baseball Cap Plus,baseball-cap-plus-199,Adjustable baseball cap with embroidered logo.,Adjustable baseball cap with embroidered logo.,36.05,44.004,SKU-000199-9206,22,4.989105826332658,\N,"[""/uploads/products/product_308.png""]",true,false,false,approved,\N,\N,\N,4.7,35,\N,2025-09-17T14:11:41,2025-11-07T20:11:16
309,2,2,Baseball Cap V2,baseball-cap-v2-200,Adjustable baseball cap with embroidered logo.,Adjustable baseball cap with embroidered logo.,22.53,27.192,SKU-000200-7384,14,3.1642049987769494,\N,"[""/uploads/products/product_309.png""]",true,false,false,approved,\N,\N,\N,4.9,22,\N,2025-09-17T14:11:41,2025-11-07T20:11:16
310,2,2,Baseball Cap - White,baseball-cap---white-201,Adjustable baseball cap with embroidered logo.,Adjustable baseball cap with embroidered logo.,24.02,29.831999999999997,SKU-000201-4620,50,1.0642046037589017,\N,"[""/uploads/products/product_310.png""]",true,false,false,approved,\N,\N,\N,5.0,35,\N,2025-09-17T14:11:41,2025-11-07T20:11:16
311,2,4,Coffee Maker,coffee-maker-202,Programmable coffee maker with thermal carafe and auto-brew feature.,Programmable coffee maker with thermal carafe and auto-brew feature.,85.51,97.15199999999999,SKU-000202-4405,9,3.354960234375211,\N,"[""/uploads/products/product_311.png""]",true,false,false,approved,\N,\N,\N,4.5,35,\N,2025-09-17T14:11:41,2025-11-07T20:11:16
312,3,4,Coffee Maker,coffee-maker-203,Programmable coffee maker with thermal carafe and auto-brew feature.,Programmable coffee maker with thermal carafe and auto-brew feature.,68.65,92.44800000000001,SKU-000203-6399,18,1.125803034555929,\N,"[""/uploads/products/product_312.png""]",true,false,false,approved,\N,\N,\N,4.7,30,\N,2025-09-17T14:11:41,2025-11-07T20:11:16
313,1,4,Coffee Maker,coffee-maker-204,Programmable coffee maker with thermal carafe and auto-brew feature.,Programmable coffee maker with thermal carafe and auto-brew feature.,76.24,89.004,SKU-000204-1343,68,4.434936020682442,\N,"[""/uploads/products/product_313.png""]",true,false,false,approved,\N,\N,\N,4.4,47,\N,2025-09-17T14:11:41,2025-11-07T20:11:16
314,3,4,Coffee Maker - Red,coffee-maker---red-205,Programmable coffee maker with thermal carafe and auto-brew feature.,Programmable coffee maker with thermal carafe and auto-brew feature.,120.18,147.684,SKU-000205-4856,59,3.2012631169883727,\N,"[""/uploads/products/product_314.png""]",true,false,false,approved,\N,\N,\N,4.4,13,\N,2025-09-17T14:11:41,2025-11-07T20:11:16
315,2,4,Advanced Coffee Maker,advanced-coffee-maker-206,Programmable coffee maker with thermal carafe and auto-brew feature.,Programmable coffee maker with thermal carafe and auto-brew feature.,69.05,89.832,SKU-000206-1524,88,1.0273818103202732,\N,"[""/uploads/products/product_315.png""]",true,false,false,approved,\N,\N,\N,4.8,14,\N,2025-09-17T14:11:41,2025-11-07T20:11:16
316,1,4,Coffee Maker,coffee-maker-207,Programmable coffee maker with thermal carafe and auto-brew feature.,Programmable coffee maker with thermal carafe and auto-brew feature.,85.2,104.78399999999999,SKU-000207-7951,10,3.102146766589206,\N,"[""/uploads/products/product_316.png""]",true,false,false,approved,\N,\N,\N,4.8,15,\N,2025-09-17T14:11:41,2025-11-07T20:11:16
317,1,4,Elite Coffee Maker,elite-coffee-maker-208,Programmable coffee maker with thermal carafe and auto-brew feature.,Programmable coffee maker with thermal carafe and auto-brew feature.,77.04,96.3,SKU-000208-2992,23,2.2038570770201953,\N,"[""/uploads/products/product_317.png""]",true,true,false,approved,\N,\N,\N,4.3,30,\N,2025-09-17T14:11:41,2025-11-07T20:11:16
318,3,4,Coffee Maker - Blue,coffee-maker---blue-209,Programmable coffee maker with thermal carafe and auto-brew feature.,Programmable coffee maker with thermal carafe and auto-brew feature.,99.18,131.58,SKU-000209-1304,92,4.292727343568062,\N,"[""/uploads/products/product_318.png""]",true,true,false,approved,\N,\N,\N,4.6,37,\N,2025-09-17T14:11:41,2025-11-07T20:11:16
319,3,4,Premium Coffee Maker,premium-coffee-maker-210,Programmable coffee maker with thermal carafe and auto-brew feature.,Programmable coffee maker with thermal carafe and auto-brew feature.,103.68,130.32,SKU-000210-9323,31,0.23632027152745708,\N,"[""/uploads/products/product_319.png""]",true,false,false,approved,\N,\N,\N,4.2,13,\N,2025-09-17T14:11:41,2025-11-07T20:11:16
320,2,4,Ultra Air Purifier,ultra-air-purifier-211,HEPA air purifier for clean and fresh indoor air.,HEPA air purifier for clean and fresh indoor air.,136.08,170.352,SKU-000211-5520,39,1.4671530271426376,\N,"[""/uploads/products/product_320.png""]",true,true,false,approved,\N,\N,\N,3.7,17,\N,2025-09-17T14:11:41,2025-11-07T20:11:16
321,3,4,Air Purifier,air-purifier-212,HEPA air purifier for clean and fresh indoor air.,HEPA air purifier for clean and fresh indoor air.,193.2,259.356,SKU-000212-6584,81,3.2097313121753883,\N,"[""/uploads/products/product_321.png""]",true,false,false,approved,\N,\N,\N,3.6,12,\N,2025-09-17T14:11:41,2025-11-07T20:11:16
322,3,4,Premium Air Purifier,premium-air-purifier-213,HEPA air purifier for clean and fresh indoor air.,HEPA air purifier for clean and fresh indoor air.,124.99,174.096,SKU-000213-6791,47,2.2486098943616573,\N,"[""/uploads/products/product_322.png""]",true,false,false,approved,\N,\N,\N,4.1,50,\N,2025-09-17T14:11:41,2025-11-10T01:35:00
323,3,4,Air Purifier,air-purifier-214,HEPA air purifier for clean and fresh indoor air.,HEPA air purifier for clean and fresh indoor air.,168.94,227.316,SKU-000214-4052,38,2.0924971595921056,\N,"[""/uploads/products/product_323.png""]",true,false,false,approved,\N,\N,\N,4.6,18,\N,2025-09-17T14:11:41,2025-11-07T20:11:16
324,1,4,Air Purifier - White,air-purifier---white-215,HEPA air purifier for clean and fresh indoor air.,HEPA air purifier for clean and fresh indoor air.,111.14,150.384,SKU-000215-9771,7,4.383168766028802,\N,"[""/uploads/products/product_324.png""]",true,false,false,approved,\N,\N,\N,3.8,10,\N,2025-09-17T14:11:41,2025-11-07T20:11:16
325,1,4,Air Purifier - Blue,air-purifier---blue-216,HEPA air purifier for clean and fresh indoor air.,HEPA air purifier for clean and fresh indoor air.,207.58,244.66799999999998,SKU-000216-3483,53,3.626129683079623,\N,"[""/uploads/products/product_325.png""]",true,false,false,approved,\N,\N,\N,3.6,24,\N,2025-09-17T14:11:41,2025-11-07T20:11:16
326,1,4,Air Purifier,air-purifier-217,HEPA air purifier for clean and fresh indoor air.,HEPA air purifier for clean and fresh indoor air.,106.95,144.396,SKU-000217-2952,17,2.461476913183751,\N,"[""/uploads/products/product_326.png""]",true,false,false,approved,\N,\N,\N,4.0,12,\N,2025-09-17T14:11:41,2025-11-07T20:11:16
327,2,4,Air Purifier Series,air-purifier-series-218,HEPA air purifier for clean and fresh indoor air.,HEPA air purifier for clean and fresh indoor air.,180.66,250.488,SKU-000218-9875,69,4.688610165509021,\N,"[""/uploads/products/product_327.png""]",true,false,false,approved,\N,\N,\N,3.5,0,\N,2025-09-17T14:11:41,2025-11-07T20:11:16
328,3,4,Air Purifier - White,air-purifier---white-219,HEPA air purifier for clean and fresh indoor air.,HEPA air purifier for clean and fresh indoor air.,153.7,173.076,SKU-000219-1871,65,2.1813932054547043,\N,"[""/uploads/products/product_328.png""]",true,false,false,approved,\N,\N,\N,4.6,47,\N,2025-09-17T14:11:41,2025-11-07T20:11:16
329,1,4,Air Purifier,air-purifier-220,HEPA air purifier for clean and fresh indoor air.,HEPA air purifier for clean and fresh indoor air.,180.49,240.252,SKU-000220-6653,37,2.961636979035567,\N,"[""/uploads/products/product_329.png""]",true,false,false,approved,\N,\N,\N,3.5,21,\N,2025-09-17T14:11:41,2025-11-07T20:11:16
330,1,4,Vacuum Cleaner,vacuum-cleaner-221,Powerful vacuum cleaner with multiple attachments.,Powerful vacuum cleaner with multiple attachments.,202.08,247.248,SKU-000221-5343,60,2.173096438714953,\N,"[""/uploads/products/product_330.png""]",true,false,false,approved,\N,\N,\N,4.5,42,\N,2025-09-17T14:11:41,2025-11-07T20:11:16
331,2,4,Vacuum Cleaner Edition,vacuum-cleaner-edition-222,Powerful vacuum cleaner with multiple attachments.,Powerful vacuum cleaner with multiple attachments.,234.45,292.728,SKU-000222-8232,22,3.7542257425525607,\N,"[""/uploads/products/product_331.png""]",true,false,false,approved,\N,\N,\N,4.1,20,\N,2025-09-17T14:11:41,2025-11-07T20:11:16
332,3,4,Vacuum Cleaner Series,vacuum-cleaner-series-223,Powerful vacuum cleaner with multiple attachments.,Powerful vacuum cleaner with multiple attachments.,187.69,259.356,SKU-000223-2454,88,4.829963155751606,\N,"[""/uploads/products/product_332.png""]",true,false,false,approved,\N,\N,\N,5.0,10,\N,2025-09-17T14:11:41,2025-11-07T20:11:16
333,1,4,Vacuum Cleaner Edition,vacuum-cleaner-edition-224,Powerful vacuum cleaner with multiple attachments.,Powerful vacuum cleaner with multiple attachments.,178.23,244.608,SKU-000224-6168,43,1.7392932153712204,\N,"[""/uploads/products/product_333.png""]",true,false,false,approved,\N,\N,\N,4.8,4,\N,2025-09-17T14:11:41,2025-11-07T20:11:16
334,2,4,Classic Vacuum Cleaner,classic-vacuum-cleaner-225,Powerful vacuum cleaner with multiple attachments.,Powerful vacuum cleaner with multiple attachments.,239.74,319.104,SKU-000225-5276,33,0.1106749052973439,\N,"[""/uploads/products/product_334.png""]",true,false,false,approved,\N,\N,\N,3.9,25,\N,2025-09-17T14:11:41,2025-11-07T20:11:16
335,3,4,Classic Vacuum Cleaner,classic-vacuum-cleaner-226,Powerful vacuum cleaner with multiple attachments.,Powerful vacuum cleaner with multiple attachments.,195.36,251.46,SKU-000226-3662,51,2.0196438489461728,\N,"[""/uploads/products/product_335.png""]",true,false,false,approved,\N,\N,\N,3.9,50,\N,2025-09-17T14:11:41,2025-11-07T20:11:16
336,3,4,Vacuum Cleaner - Red,vacuum-cleaner---red-227,Powerful vacuum cleaner with multiple attachments.,Powerful vacuum cleaner with multiple attachments.,259.41,333.828,SKU-000227-9627,70,2.4613877971511493,\N,"[""/uploads/products/product_336.png""]",true,false,false,approved,\N,\N,\N,4.5,31,\N,2025-09-17T14:11:41,2025-11-07T20:11:16
337,1,4,Vacuum Cleaner - Silver,vacuum-cleaner---silver-228,Powerful vacuum cleaner with multiple attachments.,Powerful vacuum cleaner with multiple attachments.,233.05,281.364,SKU-000228-4344,5,0.3508357626231774,\N,"[""/uploads/products/product_337.png""]",true,false,false,approved,\N,\N,\N,3.6,16,\N,2025-09-17T14:11:41,2025-11-07T20:11:16
338,2,4,Vacuum Cleaner,vacuum-cleaner-229,Powerful vacuum cleaner with multiple attachments.,Powerful vacuum cleaner with multiple attachments.,227.06,268.70399999999995,SKU-000229-8942,41,4.264470984851615,\N,"[""/uploads/products/product_338.png""]",true,true,false,approved,\N,\N,\N,4.9,33,\N,2025-09-17T14:11:41,2025-11-07T20:11:16
339,1,4,Vacuum Cleaner,vacuum-cleaner-230,Powerful vacuum cleaner with multiple attachments.,Powerful vacuum cleaner with multiple attachments.,230.72,270.288,SKU-000230-5586,73,0.7870651243336941,\N,"[""/uploads/products/product_339.png""]",true,true,false,approved,\N,\N,\N,4.9,14,\N,2025-09-17T14:11:41,2025-11-07T20:11:16
340,3,4,Vacuum Cleaner - Red,vacuum-cleaner---red-231,Powerful vacuum cleaner with multiple attachments.,Powerful vacuum cleaner with multiple attachments.,179.71,216.34799999999998,SKU-000231-2510,94,4.925757909626494,\N,"[""/uploads/products/product_340.png""]",true,false,false,approved,\N,\N,\N,4.0,44,\N,2025-09-17T14:11:41,2025-11-07T20:11:16
341,3,4,Bed Sheets Set Lite,bed-sheets-set-lite-232,Soft and comfortable bed sheets made from premium cotton.,Soft and comfortable bed sheets made from premium cotton.,65.25,88.788,SKU-000232-4038,63,0.5602248643038533,\N,"[""/uploads/products/product_341.png""]",true,false,false,approved,\N,\N,\N,4.8,27,\N,2025-09-17T14:11:41,2025-11-07T20:11:16
342,2,4,Bed Sheets Set - White,bed-sheets-set---white-233,Soft and comfortable bed sheets made from premium cotton.,Soft and comfortable bed sheets made from premium cotton.,48.68,56.699999999999996,SKU-000233-9923,22,0.5851640552523416,\N,"[""/uploads/products/product_342.png""]",true,false,false,approved,\N,\N,\N,4.7,29,\N,2025-09-17T14:11:41,2025-11-07T20:11:16
343,1,4,Bed Sheets Set - Silver,bed-sheets-set---silver-234,Soft and comfortable bed sheets made from premium cotton.,Soft and comfortable bed sheets made from premium cotton.,52.98,68.28,SKU-000234-8212,43,2.944694889607537,\N,"[""/uploads/products/product_343.png""]",true,false,false,approved,\N,\N,\N,4.5,45,\N,2025-09-17T14:11:41,2025-11-07T20:11:16
344,1,4,Bed Sheets Set Lite,bed-sheets-set-lite-235,Soft and comfortable bed sheets made from premium cotton.,Soft and comfortable bed sheets made from premium cotton.,38.23,53.24399999999999,SKU-000235-5576,63,3.3338161553373924,\N,"[""/uploads/products/product_344.png""]",true,false,false,approved,\N,\N,\N,4.0,3,\N,2025-09-17T14:11:41,2025-11-07T20:11:16
345,3,4,Advanced Bed Sheets Set,advanced-bed-sheets-set-236,Soft and comfortable bed sheets made from premium cotton.,Soft and comfortable bed sheets made from premium cotton.,53.82,69.732,SKU-000236-3596,94,2.7374107582080804,\N,"[""/uploads/products/product_345.png""]",true,false,false,approved,\N,\N,\N,3.7,42,\N,2025-09-17T14:11:41,2025-11-07T20:11:16
346,2,4,Bed Sheets Set - Red,bed-sheets-set---red-237,Soft and comfortable bed sheets made from premium cotton.,Soft and comfortable bed sheets made from premium cotton.,58.84,69.372,SKU-000237-8750,97,3.7006421179495237,\N,"[""/uploads/products/product_346.png""]",true,true,false,approved,\N,\N,\N,4.8,27,\N,2025-09-17T14:11:41,2025-11-07T20:11:16
347,2,4,Bed Sheets Set - White,bed-sheets-set---white-238,Soft and comfortable bed sheets made from premium cotton.,Soft and comfortable bed sheets made from premium cotton.,79.27,89.736,SKU-000238-2996,98,1.6670800009569242,\N,"[""/uploads/products/product_347.png""]",true,false,false,approved,\N,\N,\N,3.5,41,\N,2025-09-17T14:11:41,2025-11-07T20:11:16
348,3,4,Bed Sheets Set Max,bed-sheets-set-max-239,Soft and comfortable bed sheets made from premium cotton.,Soft and comfortable bed sheets made from premium cotton.,47.16,58.908,SKU-000239-7546,33,0.465432568404038,\N,"[""/uploads/products/product_348.png""]",true,false,false,approved,\N,\N,\N,4.1,19,\N,2025-09-17T14:11:41,2025-11-07T20:11:16
349,3,4,Kitchen Knife Set,kitchen-knife-set-240,Professional kitchen knife set with wooden block.,Professional kitchen knife set with wooden block.,113.28,133.308,SKU-000240-7237,69,1.0868628013218369,\N,"[""/uploads/products/product_349.png""]",true,false,false,approved,\N,\N,\N,4.2,16,\N,2025-09-17T14:11:41,2025-11-07T20:11:16
350,1,4,Classic Kitchen Knife Set,classic-kitchen-knife-set-241,Professional kitchen knife set with wooden block.,Professional kitchen knife set with wooden block.,106.36,121.332,SKU-000241-3157,82,2.6818739297692904,\N,"[""/uploads/products/product_350.png""]",true,false,false,approved,\N,\N,\N,4.9,32,\N,2025-09-17T14:11:41,2025-11-07T20:11:16
351,3,4,Kitchen Knife Set - Black,kitchen-knife-set---black-242,Professional kitchen knife set with wooden block.,Professional kitchen knife set with wooden block.,101.93,137.59199999999998,SKU-000242-6684,70,2.9432352186149013,\N,"[""/uploads/products/product_351.png""]",true,false,false,approved,\N,\N,\N,4.8,15,\N,2025-09-17T14:11:41,2025-11-07T20:11:16
352,3,4,Kitchen Knife Set,kitchen-knife-set-243,Professional kitchen knife set with wooden block.,Professional kitchen knife set with wooden block.,94.94,129.32399999999998,SKU-000243-4803,71,3.1277691935636054,\N,"[""/uploads/products/product_352.png""]",true,false,false,approved,\N,\N,\N,4.7,10,\N,2025-09-17T14:11:41,2025-11-07T20:11:16
353,3,4,Standard Kitchen Knife Set,standard-kitchen-knife-set-244,Professional kitchen knife set with wooden block.,Professional kitchen knife set with wooden block.,96.5,132.22799999999998,SKU-000244-1268,54,0.1779928448004452,\N,"[""/uploads/products/product_353.png""]",true,false,false,approved,\N,\N,\N,4.7,30,\N,2025-09-17T14:11:41,2025-11-07T20:11:16
354,1,4,Classic Kitchen Knife Set,classic-kitchen-knife-set-245,Professional kitchen knife set with wooden block.,Professional kitchen knife set with wooden block.,93.87,113.84400000000001,SKU-000245-9563,20,0.7502021857868912,\N,"[""/uploads/products/product_354.png""]",true,false,false,approved,\N,\N,\N,3.9,35,\N,2025-09-17T14:11:41,2025-11-07T20:11:16
355,1,4,Kitchen Knife Set V2,kitchen-knife-set-v2-246,Professional kitchen knife set with wooden block.,Professional kitchen knife set with wooden block.,112.8,130.164,SKU-000246-2721,72,2.434960644974938,\N,"[""/uploads/products/product_355.png""]",true,false,false,approved,\N,\N,\N,4.7,26,\N,2025-09-17T14:11:41,2025-11-07T20:11:16
356,1,4,Kitchen Knife Set Plus,kitchen-knife-set-plus-247,Professional kitchen knife set with wooden block.,Professional kitchen knife set with wooden block.,77.65,88.44,SKU-000247-9755,46,1.5634198151111913,\N,"[""/uploads/products/product_356.png""]",true,false,false,approved,\N,\N,\N,4.6,2,\N,2025-09-17T14:11:41,2025-11-07T20:11:16
357,1,4,Kitchen Knife Set - Black,kitchen-knife-set---black-248,Professional kitchen knife set with wooden block.,Professional kitchen knife set with wooden block.,67.18,78.18,SKU-000248-7107,84,0.7767794149567188,\N,"[""/uploads/products/product_357.png""]",true,false,false,approved,\N,\N,\N,3.8,26,\N,2025-09-17T14:11:41,2025-11-07T20:11:16
358,3,4,Advanced Kitchen Knife Set,advanced-kitchen-knife-set-249,Professional kitchen knife set with wooden block.,Professional kitchen knife set with wooden block.,93.81,129.408,SKU-000249-1206,70,2.3488583466679014,\N,"[""/uploads/products/product_358.png""]",true,false,false,approved,\N,\N,\N,3.8,24,\N,2025-09-17T14:11:41,2025-11-07T20:11:16
359,3,4,Kitchen Knife Set Model,kitchen-knife-set-model-250,Professional kitchen knife set with wooden block.,Professional kitchen knife set with wooden block.,102.07,134.832,SKU-000250-5035,97,4.306572719330632,\N,"[""/uploads/products/product_359.png""]",true,false,false,approved,\N,\N,\N,3.8,47,\N,2025-09-17T14:11:41,2025-11-07T20:11:16
360,1,4,Premium Kitchen Knife Set,premium-kitchen-knife-set-251,Professional kitchen knife set with wooden block.,Professional kitchen knife set with wooden block.,71.92,84.68399999999998,SKU-000251-5372,70,3.0592620574173806,\N,"[""/uploads/products/product_360.png""]",true,false,false,approved,\N,\N,\N,4.3,42,\N,2025-09-17T14:11:41,2025-11-07T20:11:16
361,3,4,Throw Pillow Lite,throw-pillow-lite-252,Decorative throw pillow with removable cover.,Decorative throw pillow with removable cover.,24.13,28.631999999999998,SKU-000252-8904,82,4.728540514127686,\N,"[""/uploads/products/product_361.png""]",true,false,false,approved,\N,\N,\N,3.5,44,\N,2025-09-17T14:11:41,2025-11-07T20:11:16
362,1,4,Deluxe Throw Pillow,deluxe-throw-pillow-253,Decorative throw pillow with removable cover.,Decorative throw pillow with removable cover.,30.19,33.779999999999994,SKU-000253-3108,43,3.0655739744976347,\N,"[""/uploads/products/product_362.png""]",true,false,false,approved,\N,\N,\N,4.5,23,\N,2025-09-17T14:11:41,2025-11-07T20:11:16
363,1,4,Throw Pillow Series,throw-pillow-series-254,Decorative throw pillow with removable cover.,Decorative throw pillow with removable cover.,20.49,25.512,SKU-000254-1358,20,3.1276658051296025,\N,"[""/uploads/products/product_363.png""]",true,false,false,approved,\N,\N,\N,4.4,10,\N,2025-09-17T14:11:41,2025-11-07T20:11:16
364,3,4,Throw Pillow Max,throw-pillow-max-255,Decorative throw pillow with removable cover.,Decorative throw pillow with removable cover.,26.77,30.095999999999997,SKU-000255-5979,35,3.0772905733799925,\N,"[""/uploads/products/product_364.png""]",true,false,false,approved,\N,\N,\N,4.5,46,\N,2025-09-17T14:11:41,2025-11-07T20:11:17
365,2,4,Throw Pillow,throw-pillow-256,Decorative throw pillow with removable cover.,Decorative throw pillow with removable cover.,16.31,22.188,SKU-000256-1017,23,1.2265827900112545,\N,"[""/uploads/products/product_365.png""]",true,false,false,approved,\N,\N,\N,4.7,48,\N,2025-09-17T14:11:41,2025-11-07T20:11:17
366,3,4,Throw Pillow,throw-pillow-257,Decorative throw pillow with removable cover.,Decorative throw pillow with removable cover.,26.9,32.004,SKU-000257-6061,67,3.327402277819596,\N,"[""/uploads/products/product_366.png""]",true,false,false,approved,\N,\N,\N,4.8,40,\N,2025-09-17T14:11:41,2025-11-07T20:11:17
367,3,4,Throw Pillow - Blue,throw-pillow---blue-258,Decorative throw pillow with removable cover.,Decorative throw pillow with removable cover.,18.04,25.055999999999997,SKU-000258-8202,87,3.926704790776668,\N,"[""/uploads/products/product_367.png""]",true,false,false,approved,\N,\N,\N,4.5,50,\N,2025-09-17T14:11:41,2025-11-07T20:11:17
368,2,4,Throw Pillow,throw-pillow-259,Decorative throw pillow with removable cover.,Decorative throw pillow with removable cover.,19.15,27.131999999999998,SKU-000259-7734,10,2.7685950812207105,\N,"[""/uploads/products/product_368.png""]",true,false,false,approved,\N,\N,\N,3.9,14,\N,2025-09-17T14:11:41,2025-11-07T20:11:17
369,3,4,Throw Pillow - Black,throw-pillow---black-260,Decorative throw pillow with removable cover.,Decorative throw pillow with removable cover.,28.25,34.272,SKU-000260-6529,71,2.8976647418062,\N,"[""/uploads/products/product_369.png""]",true,false,false,approved,\N,\N,\N,5.0,43,\N,2025-09-17T14:11:41,2025-11-07T20:11:17
370,2,4,Throw Pillow Max,throw-pillow-max-261,Decorative throw pillow with removable cover.,Decorative throw pillow with removable cover.,20.96,23.352,SKU-000261-6839,22,4.2381504878347735,\N,"[""/uploads/products/product_370.png""]",true,false,false,approved,\N,\N,\N,4.5,12,\N,2025-09-17T14:11:41,2025-11-07T20:11:17
371,3,4,Throw Pillow,throw-pillow-262,Decorative throw pillow with removable cover.,Decorative throw pillow with removable cover.,25.16,33.324,SKU-000262-4434,91,4.157103347037912,\N,"[""/uploads/products/product_371.png""]",true,false,false,approved,\N,\N,\N,3.7,39,\N,2025-09-17T14:11:41,2025-11-07T20:11:17
372,2,4,Throw Pillow,throw-pillow-263,Decorative throw pillow with removable cover.,Decorative throw pillow with removable cover.,21.87,28.212,SKU-000263-1178,17,4.841538857021614,\N,"[""/uploads/products/product_372.png""]",true,false,false,approved,\N,\N,\N,4.3,34,\N,2025-09-17T14:11:41,2025-11-07T20:11:17
373,1,4,Table Lamp,table-lamp-264,Modern table lamp with adjustable brightness.,Modern table lamp with adjustable brightness.,47.46,56.711999999999996,SKU-000264-8141,21,3.325299840639047,\N,"[""/uploads/products/product_373.png""]",true,false,false,approved,\N,\N,\N,4.0,36,\N,2025-09-17T14:11:41,2025-11-07T20:11:17
374,3,4,Table Lamp V2,table-lamp-v2-265,Modern table lamp with adjustable brightness.,Modern table lamp with adjustable brightness.,44.13,51.312,SKU-000265-1246,56,0.31257218083120164,\N,"[""/uploads/products/product_374.png""]",true,true,false,approved,\N,\N,\N,3.6,43,\N,2025-09-17T14:11:41,2025-11-07T20:11:17
375,1,4,Table Lamp - Red,table-lamp---red-266,Modern table lamp with adjustable brightness.,Modern table lamp with adjustable brightness.,33.92,41.436,SKU-000266-1993,72,4.830196651356574,\N,"[""/uploads/products/product_375.png""]",true,false,false,approved,\N,\N,\N,3.7,18,\N,2025-09-17T14:11:41,2025-11-07T20:11:17
376,3,4,Table Lamp,table-lamp-267,Modern table lamp with adjustable brightness.,Modern table lamp with adjustable brightness.,43.09,51.672000000000004,SKU-000267-1623,44,4.035040506436734,\N,"[""/uploads/products/product_376.png""]",true,true,false,approved,\N,\N,\N,4.3,26,\N,2025-09-17T14:11:41,2025-11-07T20:11:17
377,3,4,Table Lamp - White,table-lamp---white-268,Modern table lamp with adjustable brightness.,Modern table lamp with adjustable brightness.,44.25,58.343999999999994,SKU-000268-8577,12,4.706569487126558,\N,"[""/uploads/products/product_377.png""]",true,false,false,approved,\N,\N,\N,3.8,32,\N,2025-09-17T14:11:41,2025-11-07T20:11:17
378,2,4,Standard Table Lamp,standard-table-lamp-269,Modern table lamp with adjustable brightness.,Modern table lamp with adjustable brightness.,58.56,65.34,SKU-000269-3623,91,4.381248960064401,\N,"[""/uploads/products/product_378.png""]",true,false,false,approved,\N,\N,\N,3.9,36,\N,2025-09-17T14:11:41,2025-11-07T20:11:17
379,3,4,Table Lamp V2,table-lamp-v2-270,Modern table lamp with adjustable brightness.,Modern table lamp with adjustable brightness.,55.47,69.89999999999999,SKU-000270-9190,94,2.4080772668815182,\N,"[""/uploads/products/product_379.png""]",true,false,false,approved,\N,\N,\N,4.2,22,\N,2025-09-17T14:11:41,2025-11-07T20:11:17
380,1,4,Table Lamp - White,table-lamp---white-271,Modern table lamp with adjustable brightness.,Modern table lamp with adjustable brightness.,44.01,62.44799999999999,SKU-000271-9691,69,0.3399559094832052,\N,"[""/uploads/products/product_380.png""]",true,true,false,approved,\N,\N,\N,4.9,13,\N,2025-09-17T14:11:41,2025-11-07T20:11:17
381,1,4,Storage Basket,storage-basket-272,Woven storage basket for organizing home items.,Woven storage basket for organizing home items.,27.17,36.024,SKU-000272-5760,41,1.5395217952389209,\N,"[""/uploads/products/product_381.png""]",true,false,false,approved,\N,\N,\N,4.5,37,\N,2025-09-17T14:11:41,2025-11-07T20:11:17
382,3,4,Storage Basket - White,storage-basket---white-273,Woven storage basket for organizing home items.,Woven storage basket for organizing home items.,27.18,32.471999999999994,SKU-000273-7516,74,1.172850262623118,\N,"[""/uploads/products/product_382.png""]",true,false,false,approved,\N,\N,\N,4.5,32,\N,2025-09-17T14:11:41,2025-11-07T20:11:17
383,1,4,Storage Basket - Silver,storage-basket---silver-274,Woven storage basket for organizing home items.,Woven storage basket for organizing home items.,33.88,42.815999999999995,SKU-000274-3437,97,4.068957808908958,\N,"[""/uploads/products/product_383.png""]",true,false,false,approved,\N,\N,\N,4.6,13,\N,2025-09-17T14:11:41,2025-11-07T20:11:17
384,1,4,Storage Basket - Black,storage-basket---black-275,Woven storage basket for organizing home items.,Woven storage basket for organizing home items.,20.2,24.42,SKU-000275-8601,8,4.624384951439895,\N,"[""/uploads/products/product_384.png""]",true,false,false,approved,\N,\N,\N,3.5,49,\N,2025-09-17T14:11:41,2025-11-07T20:11:17
385,3,4,Premium Storage Basket,premium-storage-basket-276,Woven storage basket for organizing home items.,Woven storage basket for organizing home items.,24.96,34.524,SKU-000276-8943,22,4.56114038242471,\N,"[""/uploads/products/product_385.png""]",true,false,false,approved,\N,\N,\N,3.6,23,\N,2025-09-17T14:11:41,2025-11-07T20:11:17
386,1,4,Storage Basket - White,storage-basket---white-277,Woven storage basket for organizing home items.,Woven storage basket for organizing home items.,26.1,35.016,SKU-000277-4674,82,1.0180898101964813,\N,"[""/uploads/products/product_386.png""]",true,false,false,approved,\N,\N,\N,4.6,19,\N,2025-09-17T14:11:41,2025-11-07T20:11:17
387,2,4,Storage Basket - Red,storage-basket---red-278,Woven storage basket for organizing home items.,Woven storage basket for organizing home items.,25.12,28.08,SKU-000278-7537,40,4.828992121462302,\N,"[""/uploads/products/product_387.png""]",true,true,false,approved,\N,\N,\N,3.6,4,\N,2025-09-17T14:11:41,2025-11-07T20:11:17
388,1,4,Storage Basket - Blue,storage-basket---blue-279,Woven storage basket for organizing home items.,Woven storage basket for organizing home items.,36.0,43.908,SKU-000279-3897,69,1.2010758798598073,\N,"[""/uploads/products/product_388.png""]",true,true,false,approved,\N,\N,\N,4.2,24,\N,2025-09-17T14:11:41,2025-11-07T20:11:17
389,3,4,Advanced Storage Basket,advanced-storage-basket-280,Woven storage basket for organizing home items.,Woven storage basket for organizing home items.,25.25,34.895999999999994,SKU-000280-7387,10,3.147316653979976,\N,"[""/uploads/products/product_389.png""]",true,false,false,approved,\N,\N,\N,4.0,47,\N,2025-09-17T14:11:41,2025-11-07T20:11:17
390,3,4,Classic Storage Basket,classic-storage-basket-281,Woven storage basket for organizing home items.,Woven storage basket for organizing home items.,23.75,31.055999999999997,SKU-000281-8602,96,4.78472265725178,\N,"[""/uploads/products/product_390.png""]",true,false,false,approved,\N,\N,\N,4.2,44,\N,2025-09-17T14:11:41,2025-11-07T20:11:17
391,2,4,Wall Clock - Blue,wall-clock---blue-282,Silent wall clock with modern design.,Silent wall clock with modern design.,23.99,32.04,SKU-000282-1728,95,3.493696838611139,\N,"[""/uploads/products/product_391.png""]",true,false,false,approved,\N,\N,\N,4.4,37,\N,2025-09-17T14:11:41,2025-11-07T20:11:17
392,3,4,Wall Clock Lite,wall-clock-lite-283,Silent wall clock with modern design.,Silent wall clock with modern design.,36.61,51.168,SKU-000283-3660,60,1.156675428263077,\N,"[""/uploads/products/product_392.png""]",true,false,false,approved,\N,\N,\N,5.0,48,\N,2025-09-17T14:11:41,2025-11-07T20:11:17
393,3,4,Wall Clock - Silver,wall-clock---silver-284,Silent wall clock with modern design.,Silent wall clock with modern design.,45.75,51.047999999999995,SKU-000284-7153,47,4.284284692657443,\N,"[""/uploads/products/product_393.png""]",true,false,false,approved,\N,\N,\N,4.3,24,\N,2025-09-17T14:11:41,2025-11-07T20:11:17
394,3,4,Wall Clock,wall-clock-285,Silent wall clock with modern design.,Silent wall clock with modern design.,29.47,41.028,SKU-000285-3822,9,4.700188821111461,\N,"[""/uploads/products/product_394.png""]",true,false,false,approved,\N,\N,\N,4.3,45,\N,2025-09-17T14:11:41,2025-11-07T20:11:17
395,2,4,Wall Clock,wall-clock-286,Silent wall clock with modern design.,Silent wall clock with modern design.,31.19,41.004,SKU-000286-8800,54,2.24001262135569,\N,"[""/uploads/products/product_395.png""]",true,false,false,approved,\N,\N,\N,3.7,28,\N,2025-09-17T14:11:41,2025-11-07T20:11:17
396,3,4,Ultra Wall Clock,ultra-wall-clock-287,Silent wall clock with modern design.,Silent wall clock with modern design.,27.22,37.199999999999996,SKU-000287-2766,9,3.7243960494791972,\N,"[""/uploads/products/product_396.png""]",true,false,false,approved,\N,\N,\N,4.0,2,\N,2025-09-17T14:11:41,2025-11-07T20:11:17
397,2,4,Wall Clock - Red,wall-clock---red-288,Silent wall clock with modern design.,Silent wall clock with modern design.,37.78,53.808,SKU-000288-4925,93,3.469987076957483,\N,"[""/uploads/products/product_397.png""]",true,true,false,approved,\N,\N,\N,4.3,39,\N,2025-09-17T14:11:41,2025-11-07T20:11:17
398,3,4,Wall Clock - White,wall-clock---white-289,Silent wall clock with modern design.,Silent wall clock with modern design.,41.3,46.056000000000004,SKU-000289-2986,77,0.15442671181791454,\N,"[""/uploads/products/product_398.png""]",true,false,false,approved,\N,\N,\N,4.7,35,\N,2025-09-17T14:11:41,2025-11-07T20:11:17
399,2,4,Wall Clock,wall-clock-290,Silent wall clock with modern design.,Silent wall clock with modern design.,32.84,41.424,SKU-000290-8153,43,3.534439663105574,\N,"[""/uploads/products/product_399.png""]",true,false,false,approved,\N,\N,\N,4.4,7,\N,2025-09-17T14:11:41,2025-11-07T20:11:17
400,3,4,Candle Set - White,candle-set---white-291,Scented candle set with relaxing fragrances.,Scented candle set with relaxing fragrances.,45.08,53.459999999999994,SKU-000291-1274,55,3.399939552565922,\N,"[""/uploads/products/product_400.png""]",true,false,false,approved,\N,\N,\N,4.3,18,\N,2025-09-17T14:11:41,2025-11-07T20:11:17
401,1,4,Candle Set,candle-set-292,Scented candle set with relaxing fragrances.,Scented candle set with relaxing fragrances.,43.43,56.508,SKU-000292-9986,9,4.243006574952235,\N,"[""/uploads/products/product_401.png""]",true,false,false,approved,\N,\N,\N,4.5,35,\N,2025-09-17T14:11:41,2025-11-07T20:11:17
402,2,4,Candle Set,candle-set-293,Scented candle set with relaxing fragrances.,Scented candle set with relaxing fragrances.,45.86,61.824,SKU-000293-6352,21,2.323949007217564,\N,"[""/uploads/products/product_402.png""]",true,true,false,approved,\N,\N,\N,4.6,49,\N,2025-09-17T14:11:41,2025-11-07T20:11:17
403,2,4,Candle Set Model,candle-set-model-294,Scented candle set with relaxing fragrances.,Scented candle set with relaxing fragrances.,50.75,57.611999999999995,SKU-000294-3994,78,0.20668319836440255,\N,"[""/uploads/products/product_403.png""]",true,false,false,approved,\N,\N,\N,3.8,13,\N,2025-09-17T14:11:41,2025-11-07T20:11:17
404,3,4,Candle Set - Red,candle-set---red-295,Scented candle set with relaxing fragrances.,Scented candle set with relaxing fragrances.,47.09,60.108000000000004,SKU-000295-9782,94,2.976428124390676,\N,"[""/uploads/products/product_404.png""]",true,false,false,approved,\N,\N,\N,4.4,15,\N,2025-09-17T14:11:41,2025-11-07T20:11:17
405,3,4,Advanced Candle Set,advanced-candle-set-296,Scented candle set with relaxing fragrances.,Scented candle set with relaxing fragrances.,35.21,40.931999999999995,SKU-000296-6764,37,4.801452402987269,\N,"[""/uploads/products/product_405.png""]",true,false,false,approved,\N,\N,\N,4.7,12,\N,2025-09-17T14:11:41,2025-11-07T20:11:17
406,2,4,Candle Set,candle-set-297,Scented candle set with relaxing fragrances.,Scented candle set with relaxing fragrances.,42.53,59.472,SKU-000297-5062,36,4.375804527079084,\N,"[""/uploads/products/product_406.png""]",true,false,false,approved,\N,\N,\N,4.1,17,\N,2025-09-17T14:11:41,2025-11-07T20:11:17
407,1,4,Premium Candle Set,premium-candle-set-298,Scented candle set with relaxing fragrances.,Scented candle set with relaxing fragrances.,45.42,51.096,SKU-000298-3489,63,1.9553360055924112,\N,"[""/uploads/products/product_407.png""]",true,false,false,approved,\N,\N,\N,4.8,8,\N,2025-09-17T14:11:41,2025-11-07T20:11:17
408,3,3,Standard Programming Guide,standard-programming-guide-299,Comprehensive guide to modern programming languages and techniques.,Comprehensive guide to modern programming languages and techniques.,55.8,66.468,SKU-000299-6017,86,1.6704506136149877,\N,"[""/uploads/products/product_408.png""]",true,false,false,approved,\N,\N,\N,4.3,5,\N,2025-09-17T14:11:41,2025-11-07T20:11:17
409,3,3,Programming Guide Series,programming-guide-series-300,Comprehensive guide to modern programming languages and techniques.,Comprehensive guide to modern programming languages and techniques.,39.59,51.35999999999999,SKU-000300-6575,20,4.1042492624715745,\N,"[""/uploads/products/product_409.png""]",true,false,false,approved,\N,\N,\N,4.9,0,\N,2025-09-17T14:11:41,2025-11-07T20:11:17
410,2,3,Programming Guide - White,programming-guide---white-301,Comprehensive guide to modern programming languages and techniques.,Comprehensive guide to modern programming languages and techniques.,54.01,69.204,SKU-000301-5809,92,4.202337938150054,\N,"[""/uploads/products/product_410.png""]",true,false,false,approved,\N,\N,\N,4.8,11,\N,2025-09-17T14:11:41,2025-11-07T20:11:17
411,1,3,Programming Guide - Silver,programming-guide---silver-302,Comprehensive guide to modern programming languages and techniques.,Comprehensive guide to modern programming languages and techniques.,49.97,60.635999999999996,SKU-000302-7703,91,1.5067623294293369,\N,"[""/uploads/products/product_411.png""]",true,false,false,approved,\N,\N,\N,3.8,5,\N,2025-09-17T14:11:41,2025-11-07T20:11:17
412,3,3,Programming Guide - Blue,programming-guide---blue-303,Comprehensive guide to modern programming languages and techniques.,Comprehensive guide to modern programming languages and techniques.,41.15,50.004,SKU-000303-3392,24,3.259963029216322,\N,"[""/uploads/products/product_412.png""]",true,false,false,approved,\N,\N,\N,4.7,47,\N,2025-09-17T14:11:41,2025-11-07T20:11:17
413,3,3,Elite Programming Guide,elite-programming-guide-304,Comprehensive guide to modern programming languages and techniques.,Comprehensive guide to modern programming languages and techniques.,46.41,65.58,SKU-000304-2917,86,3.61147901845004,\N,"[""/uploads/products/product_413.png""]",true,false,false,approved,\N,\N,\N,3.5,50,\N,2025-09-17T14:11:41,2025-11-07T20:11:17
414,3,3,Programming Guide,programming-guide-305,Comprehensive guide to modern programming languages and techniques.,Comprehensive guide to modern programming languages and techniques.,36.58,45.431999999999995,SKU-000305-6469,80,4.121922712053989,\N,"[""/uploads/products/product_414.png""]",true,false,false,approved,\N,\N,\N,4.3,35,\N,2025-09-17T14:11:41,2025-11-07T20:11:17
415,3,3,Programming Guide - White,programming-guide---white-306,Comprehensive guide to modern programming languages and techniques.,Comprehensive guide to modern programming languages and techniques.,38.39,50.964,SKU-000306-4830,20,1.409696107429733,\N,"[""/uploads/products/product_415.png""]",true,false,false,approved,\N,\N,\N,4.3,21,\N,2025-09-17T14:11:41,2025-11-07T20:11:17
416,1,3,Ultra Cookbook,ultra-cookbook-307,Collection of delicious recipes for home cooking.,Collection of delicious recipes for home cooking.,33.91,42.959999999999994,SKU-000307-6913,45,2.7200170546111444,\N,"[""/uploads/products/product_416.png""]",true,true,false,approved,\N,\N,\N,4.8,43,\N,2025-09-17T14:11:41,2025-11-07T20:11:17
417,3,3,Cookbook Max,cookbook-max-308,Collection of delicious recipes for home cooking.,Collection of delicious recipes for home cooking.,26.42,33.971999999999994,SKU-000308-9244,29,0.20020191688500433,\N,"[""/uploads/products/product_417.png""]",true,false,false,approved,\N,\N,\N,4.9,34,\N,2025-09-17T14:11:41,2025-11-07T20:11:17
418,2,3,Cookbook - White,cookbook---white-309,Collection of delicious recipes for home cooking.,Collection of delicious recipes for home cooking.,22.99,26.424,SKU-000309-3764,62,4.041381451054918,\N,"[""/uploads/products/product_418.png""]",true,false,false,approved,\N,\N,\N,3.7,12,\N,2025-09-17T14:11:41,2025-11-07T20:11:17
419,3,3,Cookbook,cookbook-310,Collection of delicious recipes for home cooking.,Collection of delicious recipes for home cooking.,27.39,38.184,SKU-000310-1887,46,3.766241545747058,\N,"[""/uploads/products/product_419.png""]",true,false,false,approved,\N,\N,\N,4.6,48,\N,2025-09-17T14:11:41,2025-11-07T20:11:17
420,3,3,Cookbook,cookbook-311,Collection of delicious recipes for home cooking.,Collection of delicious recipes for home cooking.,19.58,27.444,SKU-000311-9343,20,4.567395223769871,\N,"[""/uploads/products/product_420.png""]",true,false,false,approved,\N,\N,\N,3.5,11,\N,2025-09-17T14:11:41,2025-11-07T20:11:17
421,3,3,Cookbook - Black,cookbook---black-312,Collection of delicious recipes for home cooking.,Collection of delicious recipes for home cooking.,26.13,34.368,SKU-000312-8794,22,4.235936066788204,\N,"[""/uploads/products/product_421.png""]",true,false,false,approved,\N,\N,\N,4.1,45,\N,2025-09-17T14:11:41,2025-11-07T20:11:17
422,3,3,Cookbook,cookbook-313,Collection of delicious recipes for home cooking.,Collection of delicious recipes for home cooking.,25.4,32.652,SKU-000313-2968,22,0.5627951192164342,\N,"[""/uploads/products/product_422.png""]",true,false,false,approved,\N,\N,\N,3.9,42,\N,2025-09-17T14:11:41,2025-11-07T20:11:17
423,2,3,Cookbook - White,cookbook---white-314,Collection of delicious recipes for home cooking.,Collection of delicious recipes for home cooking.,37.76,43.116,SKU-000314-4780,71,1.694534757909182,\N,"[""/uploads/products/product_423.png""]",true,false,false,approved,\N,\N,\N,4.3,33,\N,2025-09-17T14:11:41,2025-11-07T20:11:17
424,2,3,Cookbook - White,cookbook---white-315,Collection of delicious recipes for home cooking.,Collection of delicious recipes for home cooking.,38.97,43.704,SKU-000315-7993,13,4.447275543105793,\N,"[""/uploads/products/product_424.png""]",true,false,false,approved,\N,\N,\N,4.8,35,\N,2025-09-17T14:11:41,2025-11-07T20:11:17
425,3,3,Cookbook - Red,cookbook---red-316,Collection of delicious recipes for home cooking.,Collection of delicious recipes for home cooking.,34.41,40.608000000000004,SKU-000316-7988,98,3.7192155621303176,\N,"[""/uploads/products/product_425.png""]",true,false,false,approved,\N,\N,\N,3.7,38,\N,2025-09-17T14:11:41,2025-11-07T20:11:17
426,3,3,Self-Help Book,self-help-book-317,Inspirational book for personal development and growth.,Inspirational book for personal development and growth.,23.05,27.84,SKU-000317-8027,66,3.78172768061107,\N,"[""/uploads/products/product_426.png""]",true,false,false,approved,\N,\N,\N,3.7,49,\N,2025-09-17T14:11:41,2025-11-07T20:11:17
427,2,3,Self-Help Book Edition,self-help-book-edition-318,Inspirational book for personal development and growth.,Inspirational book for personal development and growth.,18.41,23.136,SKU-000318-7044,8,2.7191189150817223,\N,"[""/uploads/products/product_427.png""]",true,false,false,approved,\N,\N,\N,4.0,33,\N,2025-09-17T14:11:41,2025-11-07T20:11:17
428,2,3,Standard Self-Help Book,standard-self-help-book-319,Inspirational book for personal development and growth.,Inspirational book for personal development and growth.,23.48,27.048,SKU-000319-1064,65,4.364311711088271,\N,"[""/uploads/products/product_428.png""]",true,false,false,approved,\N,\N,\N,4.7,12,\N,2025-09-17T14:11:41,2025-11-07T20:11:17
429,1,3,Self-Help Book Model,self-help-book-model-320,Inspirational book for personal development and growth.,Inspirational book for personal development and growth.,17.58,24.384,SKU-000320-6545,85,3.05237980200552,\N,"[""/uploads/products/product_429.png""]",true,false,false,approved,\N,\N,\N,3.6,29,\N,2025-09-17T14:11:41,2025-11-07T20:11:17
430,1,3,Self-Help Book,self-help-book-321,Inspirational book for personal development and growth.,Inspirational book for personal development and growth.,16.01,19.295999999999996,SKU-000321-9632,22,1.185979226848127,\N,"[""/uploads/products/product_430.png""]",true,false,false,approved,\N,\N,\N,4.1,23,\N,2025-09-17T14:11:41,2025-11-07T20:11:17
431,3,3,Self-Help Book Max,self-help-book-max-322,Inspirational book for personal development and growth.,Inspirational book for personal development and growth.,25.75,29.676,SKU-000322-4422,9,1.904605079956553,\N,"[""/uploads/products/product_431.png""]",true,false,false,approved,\N,\N,\N,4.7,26,\N,2025-09-17T14:11:41,2025-11-07T20:11:17
432,2,3,Self-Help Book,self-help-book-323,Inspirational book for personal development and growth.,Inspirational book for personal development and growth.,26.2,29.616,SKU-000323-6708,49,3.5822184254900717,\N,"[""/uploads/products/product_432.png""]",true,false,false,approved,\N,\N,\N,4.2,8,\N,2025-09-17T14:11:41,2025-11-07T20:11:17
433,1,3,Self-Help Book,self-help-book-324,Inspirational book for personal development and growth.,Inspirational book for personal development and growth.,18.41,26.136,SKU-000324-5725,37,1.1911801920414131,\N,"[""/uploads/products/product_433.png""]",true,false,false,approved,\N,\N,\N,4.7,35,\N,2025-09-17T14:11:41,2025-11-07T20:11:17
434,1,3,Science Fiction Novel,science-fiction-novel-325,Thrilling science fiction adventure in a futuristic world.,Thrilling science fiction adventure in a futuristic world.,15.0,20.808,SKU-000325-1085,50,2.2141352917719352,\N,"[""/uploads/products/product_434.png""]",true,false,false,approved,\N,\N,\N,4.4,19,\N,2025-09-17T14:11:41,2025-11-07T20:11:17
435,1,3,Standard Science Fiction Novel,standard-science-fiction-novel-326,Thrilling science fiction adventure in a futuristic world.,Thrilling science fiction adventure in a futuristic world.,13.54,15.947999999999999,SKU-000326-5791,68,0.5765133841582051,\N,"[""/uploads/products/product_435.png""]",true,false,false,approved,\N,\N,\N,4.2,10,\N,2025-09-17T14:11:41,2025-11-07T20:11:17
436,3,3,Science Fiction Novel - Silver,science-fiction-novel---silver-327,Thrilling science fiction adventure in a futuristic world.,Thrilling science fiction adventure in a futuristic world.,13.16,16.476,SKU-000327-8151,8,4.75677591293688,\N,"[""/uploads/products/product_436.png""]",true,false,false,approved,\N,\N,\N,3.7,29,\N,2025-09-17T14:11:41,2025-11-07T20:11:17
437,2,3,Classic Science Fiction Novel,classic-science-fiction-novel-328,Thrilling science fiction adventure in a futuristic world.,Thrilling science fiction adventure in a futuristic world.,15.93,19.704,SKU-000328-1834,98,2.476300390294811,\N,"[""/uploads/products/product_437.png""]",true,false,false,approved,\N,\N,\N,4.1,49,\N,2025-09-17T14:11:41,2025-11-07T20:11:17
438,3,3,Science Fiction Novel,science-fiction-novel-329,Thrilling science fiction adventure in a futuristic world.,Thrilling science fiction adventure in a futuristic world.,15.51,22.068,SKU-000329-1123,30,4.3899437071479745,\N,"[""/uploads/products/product_438.png""]",true,false,false,approved,\N,\N,\N,5.0,40,\N,2025-09-17T14:11:41,2025-11-07T20:11:17
439,3,3,Premium Science Fiction Novel,premium-science-fiction-novel-330,Thrilling science fiction adventure in a futuristic world.,Thrilling science fiction adventure in a futuristic world.,20.45,23.124,SKU-000330-4764,83,4.868998528624352,\N,"[""/uploads/products/product_439.png""]",true,false,false,approved,\N,\N,\N,4.5,50,\N,2025-09-17T14:11:41,2025-11-07T20:11:17
440,2,3,Science Fiction Novel Model,science-fiction-novel-model-331,Thrilling science fiction adventure in a futuristic world.,Thrilling science fiction adventure in a futuristic world.,17.05,21.407999999999998,SKU-000331-3573,82,1.923994834441558,\N,"[""/uploads/products/product_440.png""]",true,false,false,approved,\N,\N,\N,3.9,34,\N,2025-09-17T14:11:41,2025-11-07T20:11:17
441,2,3,Science Fiction Novel - White,science-fiction-novel---white-332,Thrilling science fiction adventure in a futuristic world.,Thrilling science fiction adventure in a futuristic world.,18.14,22.776,SKU-000332-6562,59,1.1471862588233626,\N,"[""/uploads/products/product_441.png""]",true,false,false,approved,\N,\N,\N,4.0,0,\N,2025-09-17T14:11:41,2025-11-07T20:11:17
442,1,3,Ultra History Book,ultra-history-book-333,Detailed exploration of historical events and civilizations.,Detailed exploration of historical events and civilizations.,36.74,51.636,SKU-000333-5142,32,3.473758906359909,\N,"[""/uploads/products/product_442.png""]",true,false,false,approved,\N,\N,\N,4.7,0,\N,2025-09-17T14:11:41,2025-11-07T20:11:17
443,3,3,History Book Edition,history-book-edition-334,Detailed exploration of historical events and civilizations.,Detailed exploration of historical events and civilizations.,45.3,50.748,SKU-000334-3094,10,3.1062059377213496,\N,"[""/uploads/products/product_443.png""]",true,false,false,approved,\N,\N,\N,4.9,21,\N,2025-09-17T14:11:41,2025-11-07T20:11:17
444,2,3,History Book Series,history-book-series-335,Detailed exploration of historical events and civilizations.,Detailed exploration of historical events and civilizations.,34.41,41.699999999999996,SKU-000335-9387,36,0.7722754113184019,\N,"[""/uploads/products/product_444.png""]",true,false,false,approved,\N,\N,\N,4.0,3,\N,2025-09-17T14:11:41,2025-11-07T20:11:17
445,3,3,Pro History Book,pro-history-book-336,Detailed exploration of historical events and civilizations.,Detailed exploration of historical events and civilizations.,45.59,52.572,SKU-000336-5782,88,1.3515961403069412,\N,"[""/uploads/products/product_445.png""]",true,false,false,approved,\N,\N,\N,3.9,37,\N,2025-09-17T14:11:41,2025-11-07T20:11:17
446,1,3,History Book - White,history-book---white-337,Detailed exploration of historical events and civilizations.,Detailed exploration of historical events and civilizations.,26.1,37.056,SKU-000337-4225,53,4.907702627774842,\N,"[""/uploads/products/product_446.png""]",true,false,false,approved,\N,\N,\N,3.9,21,\N,2025-09-17T14:11:41,2025-11-07T20:11:17
447,2,3,Advanced History Book,advanced-history-book-338,Detailed exploration of historical events and civilizations.,Detailed exploration of historical events and civilizations.,25.15,31.668,SKU-000338-4260,27,1.6194221374981128,\N,"[""/uploads/products/product_447.png""]",true,false,false,approved,\N,\N,\N,4.6,9,\N,2025-09-17T14:11:41,2025-11-07T20:11:17
448,2,3,History Book,history-book-339,Detailed exploration of historical events and civilizations.,Detailed exploration of historical events and civilizations.,30.96,38.82,SKU-000339-6543,52,2.8229352486265977,\N,"[""/uploads/products/product_448.png""]",true,false,false,approved,\N,\N,\N,3.6,36,\N,2025-09-17T14:11:41,2025-11-07T20:11:17
449,3,3,History Book V2,history-book-v2-340,Detailed exploration of historical events and civilizations.,Detailed exploration of historical events and civilizations.,27.48,39.156,SKU-000340-1582,20,3.887684636975001,\N,"[""/uploads/products/product_449.png""]",true,false,false,approved,\N,\N,\N,4.4,45,\N,2025-09-17T14:11:41,2025-11-07T20:11:17
450,1,3,Standard History Book,standard-history-book-341,Detailed exploration of historical events and civilizations.,Detailed exploration of historical events and civilizations.,34.38,47.843999999999994,SKU-000341-5575,65,3.8532524239993795,\N,"[""/uploads/products/product_450.png""]",true,false,false,approved,\N,\N,\N,4.2,22,\N,2025-09-17T14:11:41,2025-11-07T20:11:17
451,3,3,Premium History Book,premium-history-book-342,Detailed exploration of historical events and civilizations.,Detailed exploration of historical events and civilizations.,35.65,40.044,SKU-000342-3613,64,3.1342693528178236,\N,"[""/uploads/products/product_451.png""]",true,false,false,approved,\N,\N,\N,4.0,0,\N,2025-09-17T14:11:41,2025-11-07T20:11:17
452,3,3,Standard History Book,standard-history-book-343,Detailed exploration of historical events and civilizations.,Detailed exploration of historical events and civilizations.,33.1,38.940000000000005,SKU-000343-4334,67,2.753771222198962,\N,"[""/uploads/products/product_452.png""]",true,false,false,approved,\N,\N,\N,3.9,15,\N,2025-09-17T14:11:41,2025-11-07T20:11:17
453,1,3,Art Book,art-book-344,Beautiful collection of artwork with high-quality illustrations.,Beautiful collection of artwork with high-quality illustrations.,68.06,78.36,SKU-000344-1489,15,2.047250331246133,\N,"[""/uploads/products/product_453.png""]",true,false,false,approved,\N,\N,\N,4.2,24,\N,2025-09-17T14:11:41,2025-11-07T20:11:17
454,2,3,Classic Art Book,classic-art-book-345,Beautiful collection of artwork with high-quality illustrations.,Beautiful collection of artwork with high-quality illustrations.,60.11,71.592,SKU-000345-2593,23,1.4294434096592383,\N,"[""/uploads/products/product_454.png""]",true,false,false,approved,\N,\N,\N,3.9,42,\N,2025-09-17T14:11:41,2025-11-07T20:11:17
455,1,3,Art Book Lite,art-book-lite-346,Beautiful collection of artwork with high-quality illustrations.,Beautiful collection of artwork with high-quality illustrations.,49.19,61.152,SKU-000346-2534,36,4.5951005097193915,\N,"[""/uploads/products/product_455.png""]",true,false,false,approved,\N,\N,\N,4.1,16,\N,2025-09-17T14:11:41,2025-11-07T20:11:17
456,2,3,Art Book - Red,art-book---red-347,Beautiful collection of artwork with high-quality illustrations.,Beautiful collection of artwork with high-quality illustrations.,43.0,59.124,SKU-000347-2201,8,1.1521866421571907,\N,"[""/uploads/products/product_456.png""]",true,false,false,approved,\N,\N,\N,4.6,37,\N,2025-09-17T14:11:41,2025-11-07T20:11:17
457,1,3,Classic Art Book,classic-art-book-348,Beautiful collection of artwork with high-quality illustrations.,Beautiful collection of artwork with high-quality illustrations.,46.79,61.572,SKU-000348-5604,48,3.983469687241607,\N,"[""/uploads/products/product_457.png""]",true,false,false,approved,\N,\N,\N,3.8,2,\N,2025-09-17T14:11:41,2025-11-07T20:11:17
458,3,3,Pro Art Book,pro-art-book-349,Beautiful collection of artwork with high-quality illustrations.,Beautiful collection of artwork with high-quality illustrations.,61.97,80.016,SKU-000349-4305,72,2.0006700735951783,\N,"[""/uploads/products/product_458.png""]",true,false,false,approved,\N,\N,\N,4.5,18,\N,2025-09-17T14:11:41,2025-11-07T20:11:17
459,1,3,Standard Art Book,standard-art-book-350,Beautiful collection of artwork with high-quality illustrations.,Beautiful collection of artwork with high-quality illustrations.,67.22,87.732,SKU-000350-3264,50,2.5282409131731196,\N,"[""/uploads/products/product_459.png""]",true,false,false,approved,\N,\N,\N,4.7,36,\N,2025-09-17T14:11:41,2025-11-07T20:11:17
460,3,3,Premium Art Book,premium-art-book-351,Beautiful collection of artwork with high-quality illustrations.,Beautiful collection of artwork with high-quality illustrations.,59.41,77.628,SKU-000351-2472,47,4.159390388069763,\N,"[""/uploads/products/product_460.png""]",true,false,false,approved,\N,\N,\N,4.1,1,\N,2025-09-17T14:11:41,2025-11-07T20:11:17
461,1,3,Art Book - White,art-book---white-352,Beautiful collection of artwork with high-quality illustrations.,Beautiful collection of artwork with high-quality illustrations.,61.03,81.75599999999999,SKU-000352-9415,78,2.5416360055312164,\N,"[""/uploads/products/product_461.png""]",true,false,false,approved,\N,\N,\N,4.0,10,\N,2025-09-17T14:11:41,2025-11-07T20:11:17
462,3,3,Art Book - Silver,art-book---silver-353,Beautiful collection of artwork with high-quality illustrations.,Beautiful collection of artwork with high-quality illustrations.,49.29,55.931999999999995,SKU-000353-7497,70,2.7920497333637164,\N,"[""/uploads/products/product_462.png""]",true,false,false,approved,\N,\N,\N,4.8,25,\N,2025-09-17T14:11:41,2025-11-07T20:11:17
463,2,3,Art Book Edition,art-book-edition-354,Beautiful collection of artwork with high-quality illustrations.,Beautiful collection of artwork with high-quality illustrations.,70.59,88.824,SKU-000354-1230,42,1.436942805124497,\N,"[""/uploads/products/product_463.png""]",true,false,false,approved,\N,\N,\N,4.8,37,\N,2025-09-17T14:11:41,2025-11-07T20:11:17
464,1,3,Elite Art Book,elite-art-book-355,Beautiful collection of artwork with high-quality illustrations.,Beautiful collection of artwork with high-quality illustrations.,48.92,57.94799999999999,SKU-000355-9251,26,1.6377685757623184,\N,"[""/uploads/products/product_464.png""]",true,false,false,approved,\N,\N,\N,3.8,13,\N,2025-09-17T14:11:41,2025-11-07T20:11:17
465,3,3,Travel Guide - Black,travel-guide---black-356,Complete travel guide with tips and recommendations.,Complete travel guide with tips and recommendations.,16.03,22.139999999999997,SKU-000356-9586,26,3.4601321303861665,\N,"[""/uploads/products/product_465.png""]",true,false,false,approved,\N,\N,\N,4.5,18,\N,2025-09-17T14:11:41,2025-11-07T20:11:17
466,3,3,Travel Guide - Blue,travel-guide---blue-357,Complete travel guide with tips and recommendations.,Complete travel guide with tips and recommendations.,30.76,35.976,SKU-000357-4122,58,2.5314425890229297,\N,"[""/uploads/products/product_466.png""]",true,false,false,approved,\N,\N,\N,4.1,49,\N,2025-09-17T14:11:41,2025-11-07T20:11:17
467,2,3,Travel Guide - Blue,travel-guide---blue-358,Complete travel guide with tips and recommendations.,Complete travel guide with tips and recommendations.,20.13,28.644000000000002,SKU-000358-5518,79,3.767286237739321,\N,"[""/uploads/products/product_467.png""]",true,true,false,approved,\N,\N,\N,3.8,28,\N,2025-09-17T14:11:41,2025-11-07T20:11:17
468,3,3,Classic Travel Guide,classic-travel-guide-359,Complete travel guide with tips and recommendations.,Complete travel guide with tips and recommendations.,18.84,26.363999999999997,SKU-000359-8303,23,3.7918023152143783,\N,"[""/uploads/products/product_468.png""]",true,false,false,approved,\N,\N,\N,4.3,30,\N,2025-09-17T14:11:41,2025-11-07T20:11:17
469,1,3,Travel Guide - White,travel-guide---white-360,Complete travel guide with tips and recommendations.,Complete travel guide with tips and recommendations.,26.68,31.848,SKU-000360-9116,26,4.847350300081525,\N,"[""/uploads/products/product_469.png""]",true,true,false,approved,\N,\N,\N,3.5,1,\N,2025-09-17T14:11:41,2025-11-07T20:11:17
470,2,3,Travel Guide,travel-guide-361,Complete travel guide with tips and recommendations.,Complete travel guide with tips and recommendations.,18.27,20.928,SKU-000361-8730,64,0.6959873413141758,\N,"[""/uploads/products/product_470.png""]",true,false,false,approved,\N,\N,\N,4.6,6,\N,2025-09-17T14:11:41,2025-11-07T20:11:17
471,1,3,Premium Travel Guide,premium-travel-guide-362,Complete travel guide with tips and recommendations.,Complete travel guide with tips and recommendations.,24.32,33.612,SKU-000362-8194,7,3.653241034613924,\N,"[""/uploads/products/product_471.png""]",true,false,false,approved,\N,\N,\N,4.5,9,\N,2025-09-17T14:11:41,2025-11-07T20:11:17
472,1,3,Ultra Travel Guide,ultra-travel-guide-363,Complete travel guide with tips and recommendations.,Complete travel guide with tips and recommendations.,28.61,32.064,SKU-000363-5179,38,4.31590774129544,\N,"[""/uploads/products/product_472.png""]",true,false,false,approved,\N,\N,\N,3.6,16,\N,2025-09-17T14:11:41,2025-11-07T20:11:17
473,3,3,Biography - Red,biography---red-364,Inspiring biography of a remarkable historical figure.,Inspiring biography of a remarkable historical figure.,34.09,40.14,SKU-000364-7261,68,3.064826086736166,\N,"[""/uploads/products/product_473.png""]",true,false,false,approved,\N,\N,\N,4.9,38,\N,2025-09-17T14:11:41,2025-11-07T20:11:17
474,2,3,Biography Edition,biography-edition-365,Inspiring biography of a remarkable historical figure.,Inspiring biography of a remarkable historical figure.,21.01,29.208,SKU-000365-7597,46,2.06179751815222,\N,"[""/uploads/products/product_474.png""]",true,true,false,approved,\N,\N,\N,4.9,6,\N,2025-09-17T14:11:41,2025-11-07T20:11:17
475,1,3,Biography - Blue,biography---blue-366,Inspiring biography of a remarkable historical figure.,Inspiring biography of a remarkable historical figure.,19.82,25.787999999999997,SKU-000366-7792,9,0.5999927924271747,\N,"[""/uploads/products/product_475.png""]",true,false,false,approved,\N,\N,\N,4.8,45,\N,2025-09-17T14:11:41,2025-11-07T20:11:17
476,1,3,Biography - White,biography---white-367,Inspiring biography of a remarkable historical figure.,Inspiring biography of a remarkable historical figure.,32.49,37.824,SKU-000367-4761,27,1.0169470469433752,\N,"[""/uploads/products/product_476.png""]",true,false,false,approved,\N,\N,\N,4.5,35,\N,2025-09-17T14:11:41,2025-11-07T20:11:17
477,1,3,Biography,biography-368,Inspiring biography of a remarkable historical figure.,Inspiring biography of a remarkable historical figure.,24.56,31.799999999999997,SKU-000368-3424,50,3.4569961283080186,\N,"[""/uploads/products/product_477.png""]",true,true,false,approved,\N,\N,\N,3.5,9,\N,2025-09-17T14:11:41,2025-11-07T20:11:17
478,2,3,Biography - Red,biography---red-369,Inspiring biography of a remarkable historical figure.,Inspiring biography of a remarkable historical figure.,26.28,29.279999999999998,SKU-000369-3037,72,1.0334343473427952,\N,"[""/uploads/products/product_478.png""]",true,false,false,approved,\N,\N,\N,3.8,16,\N,2025-09-17T14:11:41,2025-11-07T20:11:17
479,1,3,Biography - Silver,biography---silver-370,Inspiring biography of a remarkable historical figure.,Inspiring biography of a remarkable historical figure.,27.74,33.995999999999995,SKU-000370-3311,19,3.3521736639570037,\N,"[""/uploads/products/product_479.png""]",true,false,false,approved,\N,\N,\N,4.0,21,\N,2025-09-17T14:11:41,2025-11-07T20:11:17
480,3,3,Biography - White,biography---white-371,Inspiring biography of a remarkable historical figure.,Inspiring biography of a remarkable historical figure.,28.9,39.647999999999996,SKU-000371-7336,72,4.697046437740528,\N,"[""/uploads/products/product_480.png""]",true,false,false,approved,\N,\N,\N,4.5,41,\N,2025-09-17T14:11:41,2025-11-07T20:11:17
481,2,3,Biography,biography-372,Inspiring biography of a remarkable historical figure.,Inspiring biography of a remarkable historical figure.,25.16,32.123999999999995,SKU-000372-2165,65,0.5176268942291502,\N,"[""/uploads/products/product_481.png""]",true,true,false,approved,\N,\N,\N,4.3,46,\N,2025-09-17T14:11:41,2025-11-07T20:11:17
482,1,3,Children's Book Edition,children's-book-edition-373,Colorful children's book with engaging stories and illustrations.,Colorful children's book with engaging stories and illustrations.,14.56,17.856,SKU-000373-6430,12,2.030534129279736,\N,"[""/uploads/products/product_482.png""]",true,true,false,approved,\N,\N,\N,3.6,28,\N,2025-09-17T14:11:41,2025-11-07T20:11:17
483,1,3,Children's Book,children's-book-374,Colorful children's book with engaging stories and illustrations.,Colorful children's book with engaging stories and illustrations.,10.15,13.235999999999999,SKU-000374-3631,75,4.792164182696124,\N,"[""/uploads/products/product_483.png""]",true,false,false,approved,\N,\N,\N,4.0,24,\N,2025-09-17T14:11:41,2025-11-07T20:11:17
484,3,3,Children's Book,children's-book-375,Colorful children's book with engaging stories and illustrations.,Colorful children's book with engaging stories and illustrations.,9.97,12.527999999999999,SKU-000375-1319,70,3.937919382353604,\N,"[""/uploads/products/product_484.png""]",true,false,false,approved,\N,\N,\N,4.5,11,\N,2025-09-17T14:11:41,2025-11-07T20:11:17
485,3,3,Elite Children's Book,elite-children's-book-376,Colorful children's book with engaging stories and illustrations.,Colorful children's book with engaging stories and illustrations.,13.87,18.24,SKU-000376-9831,96,4.9835629377771795,\N,"[""/uploads/products/product_485.png""]",true,false,false,approved,\N,\N,\N,3.6,31,\N,2025-09-17T14:11:41,2025-11-07T20:11:17
486,1,3,Children's Book,children's-book-377,Colorful children's book with engaging stories and illustrations.,Colorful children's book with engaging stories and illustrations.,9.73,13.584,SKU-000377-2612,80,2.4468129192320034,\N,"[""/uploads/products/product_486.png""]",true,false,false,approved,\N,\N,\N,4.6,5,\N,2025-09-17T14:11:41,2025-11-07T20:11:17
487,3,3,Children's Book - White,children's-book---white-378,Colorful children's book with engaging stories and illustrations.,Colorful children's book with engaging stories and illustrations.,15.67,21.3,SKU-000378-1790,75,4.545618311075952,\N,"[""/uploads/products/product_487.png""]",true,false,false,approved,\N,\N,\N,4.6,40,\N,2025-09-17T14:11:41,2025-11-07T20:11:17
488,2,3,Children's Book Model,children's-book-model-379,Colorful children's book with engaging stories and illustrations.,Colorful children's book with engaging stories and illustrations.,16.41,20.04,SKU-000379-4490,94,2.2850538420300093,\N,"[""/uploads/products/product_488.png""]",true,false,false,approved,\N,\N,\N,4.8,50,\N,2025-09-17T14:11:41,2025-11-07T20:11:17
489,1,3,Advanced Children's Book,advanced-children's-book-380,Colorful children's book with engaging stories and illustrations.,Colorful children's book with engaging stories and illustrations.,10.95,14.856,SKU-000380-6881,17,2.8015331957098666,\N,"[""/uploads/products/product_489.png""]",true,false,false,approved,\N,\N,\N,4.1,4,\N,2025-09-17T14:11:41,2025-11-07T20:11:17
490,1,3,Standard Children's Book,standard-children's-book-381,Colorful children's book with engaging stories and illustrations.,Colorful children's book with engaging stories and illustrations.,14.12,19.2,SKU-000381-9618,94,1.4479394315115686,\N,"[""/uploads/products/product_490.png""]",true,false,false,approved,\N,\N,\N,4.1,44,\N,2025-09-17T14:11:41,2025-11-07T20:11:17
491,1,3,Business Book,business-book-382,Strategic insights for business success and leadership.,Strategic insights for business success and leadership.,23.2,31.428,SKU-000382-1813,36,0.23288220726439132,\N,"[""/uploads/products/product_491.png""]",true,false,false,approved,\N,\N,\N,4.5,36,\N,2025-09-17T14:11:41,2025-11-07T20:11:17
492,2,3,Ultra Business Book,ultra-business-book-383,Strategic insights for business success and leadership.,Strategic insights for business success and leadership.,33.02,39.3,SKU-000383-5904,62,2.4967990963481785,\N,"[""/uploads/products/product_492.png""]",true,false,false,approved,\N,\N,\N,4.5,14,\N,2025-09-17T14:11:41,2025-11-07T20:11:17
493,2,3,Business Book Model,business-book-model-384,Strategic insights for business success and leadership.,Strategic insights for business success and leadership.,33.25,45.42,SKU-000384-5240,74,2.0190126012695755,\N,"[""/uploads/products/product_493.png""]",true,false,false,approved,\N,\N,\N,4.7,18,\N,2025-09-17T14:11:41,2025-11-07T20:11:17
494,1,3,Classic Business Book,classic-business-book-385,Strategic insights for business success and leadership.,Strategic insights for business success and leadership.,24.68,32.748,SKU-000385-2180,8,3.559476845158504,\N,"[""/uploads/products/product_494.png""]",true,false,false,approved,\N,\N,\N,4.9,48,\N,2025-09-17T14:11:41,2025-11-07T20:11:17
495,2,3,Ultra Business Book,ultra-business-book-386,Strategic insights for business success and leadership.,Strategic insights for business success and leadership.,33.09,39.588,SKU-000386-4576,34,3.6343622575949746,\N,"[""/uploads/products/product_495.png""]",true,false,false,approved,\N,\N,\N,3.5,33,\N,2025-09-17T14:11:41,2025-11-07T20:11:17
496,3,3,Business Book - Blue,business-book---blue-387,Strategic insights for business success and leadership.,Strategic insights for business success and leadership.,26.18,37.068,SKU-000387-2365,87,1.0834998249984218,\N,"[""/uploads/products/product_496.png""]",true,false,false,approved,\N,\N,\N,3.6,38,\N,2025-09-17T14:11:41,2025-11-07T20:11:17
497,3,3,Business Book,business-book-388,Strategic insights for business success and leadership.,Strategic insights for business success and leadership.,37.37,49.14,SKU-000388-7028,35,4.051325090989692,\N,"[""/uploads/products/product_497.png""]",true,false,false,approved,\N,\N,\N,3.7,1,\N,2025-09-17T14:11:41,2025-11-07T20:11:17
498,2,3,Business Book,business-book-389,Strategic insights for business success and leadership.,Strategic insights for business success and leadership.,33.43,39.732,SKU-000389-2702,50,2.472794540446565,\N,"[""/uploads/products/product_498.png""]",true,false,false,approved,\N,\N,\N,4.2,10,\N,2025-09-17T14:11:41,2025-11-07T20:11:17
499,3,3,Premium Business Book,premium-business-book-390,Strategic insights for business success and leadership.,Strategic insights for business success and leadership.,26.88,34.512,SKU-000390-7712,56,3.775505364998807,\N,"[""/uploads/products/product_499.png""]",true,false,false,approved,\N,\N,\N,3.6,16,\N,2025-09-17T14:11:41,2025-11-07T20:11:17
500,2,3,Business Book Series,business-book-series-391,Strategic insights for business success and leadership.,Strategic insights for business success and leadership.,33.8,40.931999999999995,SKU-000391-1558,96,4.550531621933294,\N,"[""/uploads/products/product_500.png""]",true,false,false,approved,\N,\N,\N,3.7,9,\N,2025-09-17T14:11:41,2025-11-07T20:11:17
1324,2,1,Wireless Charger - Small,wireless-charger---small,Portable Bluetooth speaker with 360-degree sound and waterproof design.,Portable Bluetooth speaker with 360-degree sound and waterproof design.,230.09,320.76,SKU-7806499202917-4910,1,1.1,\N,"[""/uploads/products/product_1324.png""]",true,true,false,approved,\N,\N,\N,4.7,68,180,2025-09-19T00:20:59,2025-11-07T20:11:17
1583,1,1,Test Product - Smart Bluetooth Speaker,test-product-smart-bluetooth-speaker,"This premium Bluetooth speaker delivers exceptional sound quality with deep bass and crystal-clear highs. Perfect for home, office, or outdoor use.",High-quality Bluetooth speaker with premium sound,89.99,\N,SKU-1758603916590,21,0.0,\N,"[""/uploads/products/product_1583.png""]",true,false,false,approved,\N,\N,\N,5.0,1,9750,2025-09-23T05:05:16,2025-11-07T20:11:17
1584,1,6,dzcxz,dzcxz-6a6add,xvxcvxc xcv xcv,asd asda sdasd,10.0,\N,SKU-BA17B1BB,5,\N,\N,"[""/uploads/products/product_1584.png""]",true,false,false,approved,\N,\N,\N,5.0,1,0,2025-11-04T11:39:52,2025-11-07T20:11:17
1591,1,1,Laptop 15.6 inch,laptop-15-6-inch,"Powerful laptop with Intel i7 processor, 16GB RAM, and 512GB SSD.",High-performance laptop for work and gaming,1299.99,\N,LP-156-001,15,\N,\N,"[""/uploads/laptop.jpg""]",true,false,false,approved,\N,2025-11-08T07:07:45,1,0.0,0,0,2025-11-08T06:17:57,2025-11-08T07:07:45
1592,1,1,Wireless Bluetooth Headphones,wireless-bluetooth-headphones,High-quality wireless headphones with noise cancellation and 30-hour battery life.,Premium wireless headphones with noise cancellation,199.99,249.99,WBH-001,50,\N,\N,"[""/uploads/headphones.jpg""]",true,true,false,approved,\N,2025-11-12T12:48:44,1,0.0,0,0,2025-11-11T14:52:53,2025-11-12T12:48:44
1593,2,2,Cotton T-Shirt,cotton-t-shirt,Comfortable 100% cotton t-shirt available in multiple colors and sizes.,Comfortable 100% cotton t-shirt,24.99,\N,CT-001,100,\N,\N,"[""/uploads/tshirt.jpg""]",true,true,false,approved,\N,2025-11-12T12:48:40,1,0.0,0,0,2025-11-11T14:52:53,2025-11-12T12:48:40
